Problem,Number of Iterations,Termination Criterion,Makespan,Time (s),%Gap
Taillard Benchmark/ta01.txt,50,5,1339.0,3.546875,4.8%
Taillard Benchmark/ta01.txt,50,10,1312.0,3.171875,2.7%
Taillard Benchmark/ta01.txt,50,20,1324.0,3.28125,3.6%
Taillard Benchmark/ta01.txt,100,5,1297.0,7.90625,1.5%
Taillard Benchmark/ta01.txt,100,10,1305.0,7.953125,2.1%
Taillard Benchmark/ta01.txt,100,20,1297.0,8.609375,1.5%
Taillard Benchmark/ta01.txt,250,5,1297.0,18.75,1.5%
Taillard Benchmark/ta01.txt,250,10,1287.0,16.578125,0.7%
Taillard Benchmark/ta01.txt,250,20,1297.0,15.875,1.5%
Taillard Benchmark/ta01.txt,500,5,1297.0,35.390625,1.5%
Taillard Benchmark/ta01.txt,500,10,1297.0,33.796875,1.5%
Taillard Benchmark/ta01.txt,500,20,1297.0,32.484375,1.5%
Taillard Benchmark/ta01.txt,1000,5,1297.0,70.28125,1.5%
Taillard Benchmark/ta01.txt,1000,10,1297.0,66.6875,1.5%
Taillard Benchmark/ta01.txt,1000,20,1297.0,64.75,1.5%
Taillard Benchmark/ta01.txt,2500,5,1297.0,182.25,1.5%
Taillard Benchmark/ta01.txt,2500,10,1297.0,166.5,1.5%
Taillard Benchmark/ta01.txt,2500,20,1297.0,162.734375,1.5%
Taillard Benchmark/ta02.txt,50,5,1383.0,3.3125,1.8%
Taillard Benchmark/ta02.txt,50,10,1383.0,3.078125,1.8%
Taillard Benchmark/ta02.txt,50,20,1371.0,3.0,0.9%
Taillard Benchmark/ta02.txt,100,5,1368.0,7.09375,0.7%
Taillard Benchmark/ta02.txt,100,10,1383.0,6.453125,1.8%
Taillard Benchmark/ta02.txt,100,20,1368.0,6.15625,0.7%
Taillard Benchmark/ta02.txt,250,5,1367.0,17.3125,0.6%
Taillard Benchmark/ta02.txt,250,10,1372.0,16.28125,1.0%
Taillard Benchmark/ta02.txt,250,20,1366.0,15.71875,0.5%
Taillard Benchmark/ta02.txt,500,5,1371.0,35.09375,0.9%
Taillard Benchmark/ta02.txt,500,10,1368.0,33.0625,0.7%
Taillard Benchmark/ta02.txt,500,20,1370.0,32.15625,0.8%
Taillard Benchmark/ta02.txt,1000,5,1368.0,69.921875,0.7%
Taillard Benchmark/ta02.txt,1000,10,1366.0,66.875,0.5%
Taillard Benchmark/ta02.txt,1000,20,1366.0,64.25,0.5%
Taillard Benchmark/ta02.txt,2500,5,1366.0,175.578125,0.5%
Taillard Benchmark/ta02.txt,2500,10,1360.0,166.8125,0.1%
Taillard Benchmark/ta02.txt,2500,20,1366.0,160.453125,0.5%
Taillard Benchmark/ta03.txt,50,5,1147.0,3.34375,6.1%
Taillard Benchmark/ta03.txt,50,10,1162.0,3.5,7.5%
Taillard Benchmark/ta03.txt,50,20,1171.0,3.0,8.3%
Taillard Benchmark/ta03.txt,100,5,1162.0,6.75,7.5%
Taillard Benchmark/ta03.txt,100,10,1162.0,6.75,7.5%
Taillard Benchmark/ta03.txt,100,20,1162.0,6.046875,7.5%
Taillard Benchmark/ta03.txt,250,5,1098.0,17.265625,1.6%
Taillard Benchmark/ta03.txt,250,10,1113.0,16.46875,3.0%
Taillard Benchmark/ta03.txt,250,20,1116.0,15.75,3.2%
Taillard Benchmark/ta03.txt,500,5,1139.0,34.59375,5.4%
Taillard Benchmark/ta03.txt,500,10,1114.0,32.875,3.1%
Taillard Benchmark/ta03.txt,500,20,1115.0,31.5,3.1%
Taillard Benchmark/ta03.txt,1000,5,1098.0,70.5625,1.6%
Taillard Benchmark/ta03.txt,1000,10,1105.0,66.515625,2.2%
Taillard Benchmark/ta03.txt,1000,20,1098.0,63.515625,1.6%
Taillard Benchmark/ta03.txt,2500,5,1132.0,175.234375,4.7%
Taillard Benchmark/ta03.txt,2500,10,1098.0,164.28125,1.6%
Taillard Benchmark/ta03.txt,2500,20,1088.0,203.515625,0.6%
Taillard Benchmark/ta04.txt,50,5,1385.0,5.140625,7.1%
Taillard Benchmark/ta04.txt,50,10,1361.0,5.21875,5.3%
Taillard Benchmark/ta04.txt,50,20,1397.0,4.515625,8.0%
Taillard Benchmark/ta04.txt,100,5,1352.0,10.03125,4.6%
Taillard Benchmark/ta04.txt,100,10,1371.0,8.890625,6.0%
Taillard Benchmark/ta04.txt,100,20,1368.0,7.734375,5.8%
Taillard Benchmark/ta04.txt,250,5,1350.0,22.34375,4.4%
Taillard Benchmark/ta04.txt,250,10,1351.0,22.0625,4.5%
Taillard Benchmark/ta04.txt,250,20,1339.0,20.875,3.6%
Taillard Benchmark/ta04.txt,500,5,1315.0,43.796875,1.7%
Taillard Benchmark/ta04.txt,500,10,1315.0,41.09375,1.7%
Taillard Benchmark/ta04.txt,500,20,1351.0,38.4375,4.5%
Taillard Benchmark/ta04.txt,1000,5,1322.0,84.171875,2.2%
Taillard Benchmark/ta04.txt,1000,10,1309.0,79.765625,1.2%
Taillard Benchmark/ta04.txt,1000,20,1310.0,77.265625,1.3%
Taillard Benchmark/ta04.txt,2500,5,1342.0,208.34375,3.8%
Taillard Benchmark/ta04.txt,2500,10,1309.0,234.953125,1.2%
Taillard Benchmark/ta04.txt,2500,20,1308.0,226.109375,1.2%
Taillard Benchmark/ta05.txt,50,5,1277.0,4.78125,3.3%
Taillard Benchmark/ta05.txt,50,10,1261.0,4.5625,2.0%
Taillard Benchmark/ta05.txt,50,20,1289.0,4.21875,4.3%
Taillard Benchmark/ta05.txt,100,5,1258.0,9.296875,1.8%
Taillard Benchmark/ta05.txt,100,10,1265.0,9.125,2.3%
Taillard Benchmark/ta05.txt,100,20,1279.0,9.234375,3.5%
Taillard Benchmark/ta05.txt,250,5,1250.0,25.296875,1.1%
Taillard Benchmark/ta05.txt,250,10,1291.0,23.640625,4.4%
Taillard Benchmark/ta05.txt,250,20,1250.0,21.578125,1.1%
Taillard Benchmark/ta05.txt,500,5,1253.0,49.265625,1.4%
Taillard Benchmark/ta05.txt,500,10,1250.0,46.3125,1.1%
Taillard Benchmark/ta05.txt,500,20,1250.0,44.40625,1.1%
Taillard Benchmark/ta05.txt,1000,5,1277.0,91.328125,3.3%
Taillard Benchmark/ta05.txt,1000,10,1250.0,79.84375,1.1%
Taillard Benchmark/ta05.txt,1000,20,1250.0,69.90625,1.1%
Taillard Benchmark/ta05.txt,2500,5,1250.0,191.65625,1.1%
Taillard Benchmark/ta05.txt,2500,10,1250.0,189.03125,1.1%
Taillard Benchmark/ta05.txt,2500,20,1244.0,176.71875,0.6%
Taillard Benchmark/ta06.txt,50,5,1272.0,3.796875,6.4%
Taillard Benchmark/ta06.txt,50,10,1257.0,3.859375,5.2%
Taillard Benchmark/ta06.txt,50,20,1249.0,3.765625,4.5%
Taillard Benchmark/ta06.txt,100,5,1228.0,9.953125,2.8%
Taillard Benchmark/ta06.txt,100,10,1245.0,9.40625,4.2%
Taillard Benchmark/ta06.txt,100,20,1272.0,9.203125,6.4%
Taillard Benchmark/ta06.txt,250,5,1224.0,18.921875,2.4%
Taillard Benchmark/ta06.txt,250,10,1224.0,18.53125,2.4%
Taillard Benchmark/ta06.txt,250,20,1268.0,17.921875,6.1%
Taillard Benchmark/ta06.txt,500,5,1224.0,38.40625,2.4%
Taillard Benchmark/ta06.txt,500,10,1224.0,39.328125,2.4%
Taillard Benchmark/ta06.txt,500,20,1224.0,37.328125,2.4%
Taillard Benchmark/ta06.txt,1000,5,1210.0,80.0625,1.3%
Taillard Benchmark/ta06.txt,1000,10,1210.0,74.5625,1.3%
Taillard Benchmark/ta06.txt,1000,20,1210.0,74.71875,1.3%
Taillard Benchmark/ta06.txt,2500,5,1221.0,206.53125,2.2%
Taillard Benchmark/ta06.txt,2500,10,1210.0,190.671875,1.3%
Taillard Benchmark/ta06.txt,2500,20,1224.0,180.421875,2.4%
Taillard Benchmark/ta07.txt,50,5,1259.0,3.859375,1.6%
Taillard Benchmark/ta07.txt,50,10,1259.0,4.28125,1.6%
Taillard Benchmark/ta07.txt,50,20,1259.0,3.703125,1.6%
Taillard Benchmark/ta07.txt,100,5,1251.0,8.1875,1.0%
Taillard Benchmark/ta07.txt,100,10,1267.0,7.296875,2.3%
Taillard Benchmark/ta07.txt,100,20,1259.0,7.453125,1.6%
Taillard Benchmark/ta07.txt,250,5,1259.0,20.84375,1.6%
Taillard Benchmark/ta07.txt,250,10,1251.0,20.03125,1.0%
Taillard Benchmark/ta07.txt,250,20,1251.0,19.140625,1.0%
Taillard Benchmark/ta07.txt,500,5,1259.0,40.96875,1.6%
Taillard Benchmark/ta07.txt,500,10,1251.0,38.828125,1.0%
Taillard Benchmark/ta07.txt,500,20,1259.0,36.421875,1.6%
Taillard Benchmark/ta07.txt,1000,5,1251.0,78.65625,1.0%
Taillard Benchmark/ta07.txt,1000,10,1251.0,74.40625,1.0%
Taillard Benchmark/ta07.txt,1000,20,1251.0,70.3125,1.0%
Taillard Benchmark/ta07.txt,2500,5,1251.0,200.078125,1.0%
Taillard Benchmark/ta07.txt,2500,10,1251.0,187.859375,1.0%
Taillard Benchmark/ta07.txt,2500,20,1257.0,176.90625,1.5%
Taillard Benchmark/ta08.txt,50,5,1274.0,4.15625,5.6%
Taillard Benchmark/ta08.txt,50,10,1312.0,4.015625,8.8%
Taillard Benchmark/ta08.txt,50,20,1283.0,3.65625,6.4%
Taillard Benchmark/ta08.txt,100,5,1258.0,8.484375,4.3%
Taillard Benchmark/ta08.txt,100,10,1283.0,7.734375,6.4%
Taillard Benchmark/ta08.txt,100,20,1283.0,7.640625,6.4%
Taillard Benchmark/ta08.txt,250,5,1235.0,20.78125,2.4%
Taillard Benchmark/ta08.txt,250,10,1251.0,19.234375,3.7%
Taillard Benchmark/ta08.txt,250,20,1259.0,18.84375,4.4%
Taillard Benchmark/ta08.txt,500,5,1250.0,41.984375,3.6%
Taillard Benchmark/ta08.txt,500,10,1283.0,39.140625,6.4%
Taillard Benchmark/ta08.txt,500,20,1222.0,38.046875,1.3%
Taillard Benchmark/ta08.txt,1000,5,1240.0,80.859375,2.8%
Taillard Benchmark/ta08.txt,1000,10,1229.0,78.578125,1.9%
Taillard Benchmark/ta08.txt,1000,20,1223.0,75.421875,1.4%
Taillard Benchmark/ta08.txt,2500,5,1230.0,208.921875,2.0%
Taillard Benchmark/ta08.txt,2500,10,1214.0,201.234375,0.7%
Taillard Benchmark/ta08.txt,2500,20,1215.0,191.59375,0.7%
Taillard Benchmark/ta09.txt,50,5,1290.0,4.21875,4.9%
Taillard Benchmark/ta09.txt,50,10,1271.0,3.640625,3.3%
Taillard Benchmark/ta09.txt,50,20,1290.0,3.46875,4.9%
Taillard Benchmark/ta09.txt,100,5,1286.0,8.234375,4.6%
Taillard Benchmark/ta09.txt,100,10,1271.0,7.953125,3.3%
Taillard Benchmark/ta09.txt,100,20,1298.0,7.46875,5.5%
Taillard Benchmark/ta09.txt,250,5,1282.0,20.921875,4.2%
Taillard Benchmark/ta09.txt,250,10,1271.0,19.890625,3.3%
Taillard Benchmark/ta09.txt,250,20,1298.0,18.765625,5.5%
Taillard Benchmark/ta09.txt,500,5,1255.0,42.171875,2.0%
Taillard Benchmark/ta09.txt,500,10,1255.0,40.078125,2.0%
Taillard Benchmark/ta09.txt,500,20,1255.0,36.4375,2.0%
Taillard Benchmark/ta09.txt,1000,5,1255.0,83.03125,2.0%
Taillard Benchmark/ta09.txt,1000,10,1253.0,78.328125,1.9%
Taillard Benchmark/ta09.txt,1000,20,1264.0,75.703125,2.8%
Taillard Benchmark/ta09.txt,2500,5,1278.0,207.3125,3.9%
Taillard Benchmark/ta09.txt,2500,10,1240.0,196.203125,0.8%
Taillard Benchmark/ta09.txt,2500,20,1255.0,185.859375,2.0%
Taillard Benchmark/ta10.txt,50,5,1174.0,3.984375,6.0%
Taillard Benchmark/ta10.txt,50,10,1185.0,4.15625,6.9%
Taillard Benchmark/ta10.txt,50,20,1185.0,3.515625,6.9%
Taillard Benchmark/ta10.txt,100,5,1146.0,7.921875,3.4%
Taillard Benchmark/ta10.txt,100,10,1181.0,7.9375,6.6%
Taillard Benchmark/ta10.txt,100,20,1188.0,7.21875,7.2%
Taillard Benchmark/ta10.txt,250,5,1136.0,21.4375,2.5%
Taillard Benchmark/ta10.txt,250,10,1111.0,19.328125,0.3%
Taillard Benchmark/ta10.txt,250,20,1161.0,18.9375,4.8%
Taillard Benchmark/ta10.txt,500,5,1127.0,41.390625,1.7%
Taillard Benchmark/ta10.txt,500,10,1151.0,38.4375,3.9%
Taillard Benchmark/ta10.txt,500,20,1148.0,37.015625,3.6%
Taillard Benchmark/ta10.txt,1000,5,1151.0,82.859375,3.9%
Taillard Benchmark/ta10.txt,1000,10,1127.0,79.25,1.7%
Taillard Benchmark/ta10.txt,1000,20,1137.0,74.234375,2.6%
Taillard Benchmark/ta10.txt,2500,5,1127.0,208.171875,1.7%
Taillard Benchmark/ta10.txt,2500,10,1124.0,196.625,1.4%
Taillard Benchmark/ta10.txt,2500,20,1119.0,190.515625,1.0%
Taillard Benchmark/ta11.txt,50,5,1659.0,4.421875,4.9%
Taillard Benchmark/ta11.txt,50,10,1729.0,4.4375,9.3%
Taillard Benchmark/ta11.txt,50,20,1698.0,3.984375,7.3%
Taillard Benchmark/ta11.txt,100,5,1678.0,9.140625,6.1%
Taillard Benchmark/ta11.txt,100,10,1627.0,8.375,2.8%
Taillard Benchmark/ta11.txt,100,20,1665.0,8.3125,5.2%
Taillard Benchmark/ta11.txt,250,5,1650.0,22.203125,4.3%
Taillard Benchmark/ta11.txt,250,10,1674.0,21.28125,5.8%
Taillard Benchmark/ta11.txt,250,20,1676.0,18.65625,5.9%
Taillard Benchmark/ta11.txt,500,5,1689.0,46.8125,6.8%
Taillard Benchmark/ta11.txt,500,10,1634.0,43.75,3.3%
Taillard Benchmark/ta11.txt,500,20,1638.0,41.515625,3.5%
Taillard Benchmark/ta11.txt,1000,5,1681.0,90.65625,6.3%
Taillard Benchmark/ta11.txt,1000,10,1622.0,86.53125,2.5%
Taillard Benchmark/ta11.txt,1000,20,1623.0,82.71875,2.6%
Taillard Benchmark/ta11.txt,2500,5,1669.0,230.1875,5.5%
Taillard Benchmark/ta11.txt,2500,10,1607.0,216.078125,1.6%
Taillard Benchmark/ta11.txt,2500,20,1625.0,208.5,2.7%
Taillard Benchmark/ta12.txt,50,5,1785.0,4.546875,7.6%
Taillard Benchmark/ta12.txt,50,10,1784.0,4.328125,7.5%
Taillard Benchmark/ta12.txt,50,20,1758.0,4.1875,6.0%
Taillard Benchmark/ta12.txt,100,5,1752.0,8.890625,5.6%
Taillard Benchmark/ta12.txt,100,10,1740.0,8.796875,4.9%
Taillard Benchmark/ta12.txt,100,20,1759.0,8.515625,6.0%
Taillard Benchmark/ta12.txt,250,5,1737.0,22.546875,4.7%
Taillard Benchmark/ta12.txt,250,10,1742.0,22.328125,5.0%
Taillard Benchmark/ta12.txt,250,20,1750.0,20.40625,5.5%
Taillard Benchmark/ta12.txt,500,5,1749.0,44.453125,5.4%
Taillard Benchmark/ta12.txt,500,10,1715.0,40.171875,3.4%
Taillard Benchmark/ta12.txt,500,20,1746.0,34.328125,5.2%
Taillard Benchmark/ta12.txt,1000,5,1728.0,80.65625,4.2%
Taillard Benchmark/ta12.txt,1000,10,1722.0,81.3125,3.8%
Taillard Benchmark/ta12.txt,1000,20,1722.0,73.71875,3.8%
Taillard Benchmark/ta12.txt,2500,5,1765.0,192.859375,6.4%
Taillard Benchmark/ta12.txt,2500,10,1701.0,177.40625,2.5%
Taillard Benchmark/ta12.txt,2500,20,1754.0,171.59375,5.7%
Taillard Benchmark/ta13.txt,50,5,1579.0,3.6875,5.5%
Taillard Benchmark/ta13.txt,50,10,1612.0,3.515625,7.8%
Taillard Benchmark/ta13.txt,50,20,1623.0,3.109375,8.5%
Taillard Benchmark/ta13.txt,100,5,1572.0,7.40625,5.1%
Taillard Benchmark/ta13.txt,100,10,1580.0,6.828125,5.6%
Taillard Benchmark/ta13.txt,100,20,1570.0,6.640625,4.9%
Taillard Benchmark/ta13.txt,250,5,1619.0,18.21875,8.2%
Taillard Benchmark/ta13.txt,250,10,1560.0,16.921875,4.3%
Taillard Benchmark/ta13.txt,250,20,1574.0,16.453125,5.2%
Taillard Benchmark/ta13.txt,500,5,1568.0,36.859375,4.8%
Taillard Benchmark/ta13.txt,500,10,1559.0,34.75,4.2%
Taillard Benchmark/ta13.txt,500,20,1542.0,33.734375,3.1%
Taillard Benchmark/ta13.txt,1000,5,1542.0,73.796875,3.1%
Taillard Benchmark/ta13.txt,1000,10,1547.0,68.015625,3.4%
Taillard Benchmark/ta13.txt,1000,20,1532.0,67.671875,2.4%
Taillard Benchmark/ta13.txt,2500,5,1556.0,182.640625,4.0%
Taillard Benchmark/ta13.txt,2500,10,1537.0,178.078125,2.7%
Taillard Benchmark/ta13.txt,2500,20,1535.0,207.625,2.6%
Taillard Benchmark/ta14.txt,50,5,1502.0,4.078125,9.0%
Taillard Benchmark/ta14.txt,50,10,1509.0,4.015625,9.5%
Taillard Benchmark/ta14.txt,50,20,1518.0,4.09375,10.2%
Taillard Benchmark/ta14.txt,100,5,1426.0,8.53125,3.5%
Taillard Benchmark/ta14.txt,100,10,1460.0,8.71875,6.0%
Taillard Benchmark/ta14.txt,100,20,1457.0,8.203125,5.7%
Taillard Benchmark/ta14.txt,250,5,1441.0,22.6875,4.6%
Taillard Benchmark/ta14.txt,250,10,1429.0,21.3125,3.7%
Taillard Benchmark/ta14.txt,250,20,1430.0,20.671875,3.8%
Taillard Benchmark/ta14.txt,500,5,1454.0,44.4375,5.5%
Taillard Benchmark/ta14.txt,500,10,1435.0,37.359375,4.1%
Taillard Benchmark/ta14.txt,500,20,1411.0,40.25,2.4%
Taillard Benchmark/ta14.txt,1000,5,1437.0,87.515625,4.3%
Taillard Benchmark/ta14.txt,1000,10,1417.0,77.5,2.8%
Taillard Benchmark/ta14.txt,1000,20,1414.0,68.828125,2.6%
Taillard Benchmark/ta14.txt,2500,5,1420.0,198.375,3.0%
Taillard Benchmark/ta14.txt,2500,10,1407.0,190.0625,2.1%
Taillard Benchmark/ta14.txt,2500,20,1421.0,175.09375,3.1%
Taillard Benchmark/ta15.txt,50,5,1538.0,3.734375,8.4%
Taillard Benchmark/ta15.txt,50,10,1502.0,3.765625,5.8%
Taillard Benchmark/ta15.txt,50,20,1549.0,3.375,9.2%
Taillard Benchmark/ta15.txt,100,5,1520.0,7.28125,7.1%
Taillard Benchmark/ta15.txt,100,10,1508.0,7.296875,6.3%
Taillard Benchmark/ta15.txt,100,20,1523.0,6.890625,7.3%
Taillard Benchmark/ta15.txt,250,5,1493.0,19.4375,5.2%
Taillard Benchmark/ta15.txt,250,10,1500.0,18.0625,5.7%
Taillard Benchmark/ta15.txt,250,20,1539.0,17.6875,8.5%
Taillard Benchmark/ta15.txt,500,5,1502.0,38.546875,5.8%
Taillard Benchmark/ta15.txt,500,10,1465.0,36.640625,3.2%
Taillard Benchmark/ta15.txt,500,20,1511.0,34.8125,6.5%
Taillard Benchmark/ta15.txt,1000,5,1512.0,75.453125,6.6%
Taillard Benchmark/ta15.txt,1000,10,1474.0,74.78125,3.9%
Taillard Benchmark/ta15.txt,1000,20,1480.0,73.734375,4.3%
Taillard Benchmark/ta15.txt,2500,5,1477.0,189.578125,4.1%
Taillard Benchmark/ta15.txt,2500,10,1470.0,186.453125,3.6%
Taillard Benchmark/ta15.txt,2500,20,1494.0,178.078125,5.3%
Taillard Benchmark/ta16.txt,50,5,1478.0,3.9375,5.8%
Taillard Benchmark/ta16.txt,50,10,1486.0,3.484375,6.4%
Taillard Benchmark/ta16.txt,50,20,1512.0,3.296875,8.2%
Taillard Benchmark/ta16.txt,100,5,1478.0,7.90625,5.8%
Taillard Benchmark/ta16.txt,100,10,1464.0,6.953125,4.8%
Taillard Benchmark/ta16.txt,100,20,1482.0,6.953125,6.1%
Taillard Benchmark/ta16.txt,250,5,1458.0,18.78125,4.4%
Taillard Benchmark/ta16.txt,250,10,1460.0,18.09375,4.5%
Taillard Benchmark/ta16.txt,250,20,1460.0,17.359375,4.5%
Taillard Benchmark/ta16.txt,500,5,1477.0,38.71875,5.7%
Taillard Benchmark/ta16.txt,500,10,1463.0,36.65625,4.7%
Taillard Benchmark/ta16.txt,500,20,1449.0,36.75,3.7%
Taillard Benchmark/ta16.txt,1000,5,1427.0,92.0625,2.1%
Taillard Benchmark/ta16.txt,1000,10,1435.0,106.375,2.7%
Taillard Benchmark/ta16.txt,1000,20,1440.0,84.6875,3.1%
Taillard Benchmark/ta16.txt,2500,5,1450.0,192.796875,3.8%
Taillard Benchmark/ta16.txt,2500,10,1410.0,182.375,0.9%
Taillard Benchmark/ta16.txt,2500,20,1424.0,173.453125,1.9%
Taillard Benchmark/ta17.txt,50,5,1556.0,3.5625,4.9%
Taillard Benchmark/ta17.txt,50,10,1586.0,3.890625,6.9%
Taillard Benchmark/ta17.txt,50,20,1623.0,3.28125,9.4%
Taillard Benchmark/ta17.txt,100,5,1548.0,7.25,4.3%
Taillard Benchmark/ta17.txt,100,10,1578.0,7.265625,6.3%
Taillard Benchmark/ta17.txt,100,20,1636.0,6.78125,10.2%
Taillard Benchmark/ta17.txt,250,5,1584.0,18.875,6.7%
Taillard Benchmark/ta17.txt,250,10,1532.0,17.609375,3.2%
Taillard Benchmark/ta17.txt,250,20,1550.0,17.890625,4.4%
Taillard Benchmark/ta17.txt,500,5,1540.0,38.78125,3.8%
Taillard Benchmark/ta17.txt,500,10,1516.0,36.578125,2.2%
Taillard Benchmark/ta17.txt,500,20,1549.0,34.90625,4.4%
Taillard Benchmark/ta17.txt,1000,5,1504.0,76.765625,1.3%
Taillard Benchmark/ta17.txt,1000,10,1518.0,73.078125,2.3%
Taillard Benchmark/ta17.txt,1000,20,1528.0,70.515625,3.0%
Taillard Benchmark/ta17.txt,2500,5,1518.0,191.578125,2.3%
Taillard Benchmark/ta17.txt,2500,10,1505.0,180.203125,1.4%
Taillard Benchmark/ta17.txt,2500,20,1501.0,192.078125,1.1%
Taillard Benchmark/ta18.txt,50,5,1657.0,3.71875,7.7%
Taillard Benchmark/ta18.txt,50,10,1702.0,3.53125,10.7%
Taillard Benchmark/ta18.txt,50,20,1669.0,3.265625,8.5%
Taillard Benchmark/ta18.txt,100,5,1670.0,7.234375,8.6%
Taillard Benchmark/ta18.txt,100,10,1628.0,7.25,5.9%
Taillard Benchmark/ta18.txt,100,20,1674.0,6.578125,8.8%
Taillard Benchmark/ta18.txt,250,5,1638.0,19.203125,6.5%
Taillard Benchmark/ta18.txt,250,10,1641.0,17.328125,6.7%
Taillard Benchmark/ta18.txt,250,20,1632.0,17.125,6.1%
Taillard Benchmark/ta18.txt,500,5,1629.0,37.5625,5.9%
Taillard Benchmark/ta18.txt,500,10,1577.0,43.859375,2.5%
Taillard Benchmark/ta18.txt,500,20,1581.0,46.421875,2.8%
Taillard Benchmark/ta18.txt,1000,5,1611.0,98.21875,4.7%
Taillard Benchmark/ta18.txt,1000,10,1594.0,94.296875,3.6%
Taillard Benchmark/ta18.txt,1000,20,1605.0,89.734375,4.4%
Taillard Benchmark/ta18.txt,2500,5,1596.0,225.0,3.8%
Taillard Benchmark/ta18.txt,2500,10,1594.0,186.328125,3.6%
Taillard Benchmark/ta18.txt,2500,20,1575.0,178.046875,2.4%
Taillard Benchmark/ta19.txt,50,5,1683.0,3.8125,5.6%
Taillard Benchmark/ta19.txt,50,10,1711.0,3.71875,7.4%
Taillard Benchmark/ta19.txt,50,20,1700.0,3.34375,6.7%
Taillard Benchmark/ta19.txt,100,5,1682.0,7.703125,5.6%
Taillard Benchmark/ta19.txt,100,10,1681.0,7.578125,5.5%
Taillard Benchmark/ta19.txt,100,20,1668.0,6.671875,4.7%
Taillard Benchmark/ta19.txt,250,5,1632.0,19.625,2.4%
Taillard Benchmark/ta19.txt,250,10,1654.0,18.34375,3.8%
Taillard Benchmark/ta19.txt,250,20,1644.0,17.3125,3.2%
Taillard Benchmark/ta19.txt,500,5,1649.0,38.203125,3.5%
Taillard Benchmark/ta19.txt,500,10,1651.0,36.890625,3.6%
Taillard Benchmark/ta19.txt,500,20,1636.0,35.46875,2.7%
Taillard Benchmark/ta19.txt,1000,5,1638.0,78.0625,2.8%
Taillard Benchmark/ta19.txt,1000,10,1636.0,74.75,2.7%
Taillard Benchmark/ta19.txt,1000,20,1638.0,71.625,2.8%
Taillard Benchmark/ta19.txt,2500,5,1668.0,196.421875,4.7%
Taillard Benchmark/ta19.txt,2500,10,1627.0,191.203125,2.1%
Taillard Benchmark/ta19.txt,2500,20,1662.0,179.9375,4.3%
Taillard Benchmark/ta20.txt,50,5,1703.0,3.703125,7.0%
Taillard Benchmark/ta20.txt,50,10,1705.0,3.484375,7.2%
Taillard Benchmark/ta20.txt,50,20,1726.0,3.921875,8.5%
Taillard Benchmark/ta20.txt,100,5,1678.0,7.46875,5.5%
Taillard Benchmark/ta20.txt,100,10,1681.0,7.5,5.7%
Taillard Benchmark/ta20.txt,100,20,1737.0,6.890625,9.2%
Taillard Benchmark/ta20.txt,250,5,1659.0,19.203125,4.3%
Taillard Benchmark/ta20.txt,250,10,1693.0,18.421875,6.4%
Taillard Benchmark/ta20.txt,250,20,1644.0,18.03125,3.3%
Taillard Benchmark/ta20.txt,500,5,1647.0,38.921875,3.5%
Taillard Benchmark/ta20.txt,500,10,1650.0,36.796875,3.7%
Taillard Benchmark/ta20.txt,500,20,1665.0,36.328125,4.7%
Taillard Benchmark/ta20.txt,1000,5,1645.0,78.515625,3.4%
Taillard Benchmark/ta20.txt,1000,10,1639.0,73.484375,3.0%
Taillard Benchmark/ta20.txt,1000,20,1665.0,72.03125,4.7%
Taillard Benchmark/ta20.txt,2500,5,1671.0,194.90625,5.0%
Taillard Benchmark/ta20.txt,2500,10,1626.0,189.15625,2.2%
Taillard Benchmark/ta20.txt,2500,20,1638.0,177.515625,3.0%
Taillard Benchmark/ta21.txt,50,5,2445.0,4.5,6.4%
Taillard Benchmark/ta21.txt,50,10,2481.0,4.515625,8.0%
Taillard Benchmark/ta21.txt,50,20,2401.0,4.0,4.5%
Taillard Benchmark/ta21.txt,100,5,2422.0,9.375,5.4%
Taillard Benchmark/ta21.txt,100,10,2406.0,8.375,4.7%
Taillard Benchmark/ta21.txt,100,20,2483.0,8.625,8.1%
Taillard Benchmark/ta21.txt,250,5,2396.0,23.015625,4.3%
Taillard Benchmark/ta21.txt,250,10,2360.0,22.171875,2.7%
Taillard Benchmark/ta21.txt,250,20,2400.0,21.109375,4.5%
Taillard Benchmark/ta21.txt,500,5,2350.0,46.78125,2.3%
Taillard Benchmark/ta21.txt,500,10,2377.0,44.359375,3.5%
Taillard Benchmark/ta21.txt,500,20,2366.0,42.703125,3.0%
Taillard Benchmark/ta21.txt,1000,5,2398.0,93.890625,4.4%
Taillard Benchmark/ta21.txt,1000,10,2349.0,93.765625,2.3%
Taillard Benchmark/ta21.txt,1000,20,2321.0,86.6875,1.0%
Taillard Benchmark/ta21.txt,2500,5,2372.0,233.953125,3.3%
Taillard Benchmark/ta21.txt,2500,10,2335.0,224.546875,1.7%
Taillard Benchmark/ta21.txt,2500,20,2335.0,215.53125,1.7%
Taillard Benchmark/ta22.txt,50,5,2229.0,4.765625,6.1%
Taillard Benchmark/ta22.txt,50,10,2183.0,4.265625,4.0%
Taillard Benchmark/ta22.txt,50,20,2262.0,4.0625,7.7%
Taillard Benchmark/ta22.txt,100,5,2223.0,9.390625,5.9%
Taillard Benchmark/ta22.txt,100,10,2180.0,8.515625,3.8%
Taillard Benchmark/ta22.txt,100,20,2237.0,8.5625,6.5%
Taillard Benchmark/ta22.txt,250,5,2180.0,23.125,3.8%
Taillard Benchmark/ta22.txt,250,10,2227.0,22.28125,6.0%
Taillard Benchmark/ta22.txt,250,20,2201.0,21.1875,4.8%
Taillard Benchmark/ta22.txt,500,5,2157.0,46.640625,2.7%
Taillard Benchmark/ta22.txt,500,10,2166.0,44.453125,3.1%
Taillard Benchmark/ta22.txt,500,20,2211.0,42.875,5.3%
Taillard Benchmark/ta22.txt,1000,5,2169.0,93.234375,3.3%
Taillard Benchmark/ta22.txt,1000,10,2186.0,88.53125,4.1%
Taillard Benchmark/ta22.txt,1000,20,2172.0,85.6875,3.4%
Taillard Benchmark/ta22.txt,2500,5,2200.0,234.015625,4.8%
Taillard Benchmark/ta22.txt,2500,10,2165.0,224.0625,3.1%
Taillard Benchmark/ta22.txt,2500,20,2146.0,216.125,2.2%
Taillard Benchmark/ta23.txt,50,5,2429.0,4.359375,4.4%
Taillard Benchmark/ta23.txt,50,10,2460.0,4.578125,5.8%
Taillard Benchmark/ta23.txt,50,20,2437.0,4.0625,4.8%
Taillard Benchmark/ta23.txt,100,5,2414.0,8.9375,3.8%
Taillard Benchmark/ta23.txt,100,10,2433.0,9.421875,4.6%
Taillard Benchmark/ta23.txt,100,20,2448.0,8.40625,5.2%
Taillard Benchmark/ta23.txt,250,5,2415.0,23.140625,3.8%
Taillard Benchmark/ta23.txt,250,10,2432.0,21.84375,4.6%
Taillard Benchmark/ta23.txt,250,20,2445.0,21.421875,5.1%
Taillard Benchmark/ta23.txt,500,5,2395.0,46.28125,3.0%
Taillard Benchmark/ta23.txt,500,10,2369.0,43.65625,1.8%
Taillard Benchmark/ta23.txt,500,20,2372.0,42.984375,2.0%
Taillard Benchmark/ta23.txt,1000,5,2397.0,93.125,3.1%
Taillard Benchmark/ta23.txt,1000,10,2430.0,89.671875,4.5%
Taillard Benchmark/ta23.txt,1000,20,2410.0,85.859375,3.6%
Taillard Benchmark/ta23.txt,2500,5,2383.0,234.4375,2.5%
Taillard Benchmark/ta23.txt,2500,10,2354.0,222.953125,1.2%
Taillard Benchmark/ta23.txt,2500,20,2380.0,214.890625,2.3%
Taillard Benchmark/ta24.txt,50,5,2364.0,4.53125,6.3%
Taillard Benchmark/ta24.txt,50,10,2366.0,4.25,6.4%
Taillard Benchmark/ta24.txt,50,20,2334.0,4.15625,5.0%
Taillard Benchmark/ta24.txt,100,5,2365.0,9.25,6.4%
Taillard Benchmark/ta24.txt,100,10,2309.0,8.671875,3.9%
Taillard Benchmark/ta24.txt,100,20,2357.0,8.546875,6.0%
Taillard Benchmark/ta24.txt,250,5,2299.0,23.015625,3.4%
Taillard Benchmark/ta24.txt,250,10,2320.0,22.25,4.4%
Taillard Benchmark/ta24.txt,250,20,2335.0,21.09375,5.0%
Taillard Benchmark/ta24.txt,500,5,2276.0,47.203125,2.4%
Taillard Benchmark/ta24.txt,500,10,2282.0,44.765625,2.7%
Taillard Benchmark/ta24.txt,500,20,2289.0,43.140625,3.0%
Taillard Benchmark/ta24.txt,1000,5,2285.0,93.90625,2.8%
Taillard Benchmark/ta24.txt,1000,10,2322.0,89.953125,4.5%
Taillard Benchmark/ta24.txt,1000,20,2286.0,86.34375,2.8%
Taillard Benchmark/ta24.txt,2500,5,2324.0,232.21875,4.5%
Taillard Benchmark/ta24.txt,2500,10,2251.0,224.109375,1.3%
Taillard Benchmark/ta24.txt,2500,20,2279.0,215.796875,2.5%
Taillard Benchmark/ta25.txt,50,5,2383.0,4.40625,4.0%
Taillard Benchmark/ta25.txt,50,10,2415.0,4.8125,5.4%
Taillard Benchmark/ta25.txt,50,20,2407.0,4.09375,5.1%
Taillard Benchmark/ta25.txt,100,5,2376.0,9.5,3.7%
Taillard Benchmark/ta25.txt,100,10,2431.0,8.640625,6.1%
Taillard Benchmark/ta25.txt,100,20,2391.0,8.703125,4.4%
Taillard Benchmark/ta25.txt,250,5,2355.0,23.0,2.8%
Taillard Benchmark/ta25.txt,250,10,2392.0,22.046875,4.4%
Taillard Benchmark/ta25.txt,250,20,2403.0,21.078125,4.9%
Taillard Benchmark/ta25.txt,500,5,2374.0,46.953125,3.6%
Taillard Benchmark/ta25.txt,500,10,2367.0,44.78125,3.3%
Taillard Benchmark/ta25.txt,500,20,2358.0,42.609375,2.9%
Taillard Benchmark/ta25.txt,1000,5,2414.0,92.9375,5.4%
Taillard Benchmark/ta25.txt,1000,10,2335.0,88.390625,1.9%
Taillard Benchmark/ta25.txt,1000,20,2355.0,86.171875,2.8%
Taillard Benchmark/ta25.txt,2500,5,2319.0,231.3125,1.2%
Taillard Benchmark/ta25.txt,2500,10,2313.0,222.703125,1.0%
Taillard Benchmark/ta25.txt,2500,20,2331.0,214.28125,1.7%
Taillard Benchmark/ta26.txt,50,5,2321.0,4.8125,4.3%
Taillard Benchmark/ta26.txt,50,10,2337.0,4.125,5.0%
Taillard Benchmark/ta26.txt,50,20,2347.0,3.984375,5.4%
Taillard Benchmark/ta26.txt,100,5,2298.0,9.171875,3.2%
Taillard Benchmark/ta26.txt,100,10,2323.0,8.53125,4.4%
Taillard Benchmark/ta26.txt,100,20,2341.0,8.78125,5.2%
Taillard Benchmark/ta26.txt,250,5,2298.0,22.953125,3.2%
Taillard Benchmark/ta26.txt,250,10,2310.0,22.5625,3.8%
Taillard Benchmark/ta26.txt,250,20,2342.0,21.125,5.2%
Taillard Benchmark/ta26.txt,500,5,2333.0,46.703125,4.8%
Taillard Benchmark/ta26.txt,500,10,2297.0,44.53125,3.2%
Taillard Benchmark/ta26.txt,500,20,2279.0,42.9375,2.4%
Taillard Benchmark/ta26.txt,1000,5,2310.0,93.046875,3.8%
Taillard Benchmark/ta26.txt,1000,10,2248.0,88.390625,1.0%
Taillard Benchmark/ta26.txt,1000,20,2302.0,86.65625,3.4%
Taillard Benchmark/ta26.txt,2500,5,2304.0,233.1875,3.5%
Taillard Benchmark/ta26.txt,2500,10,2270.0,227.9375,2.0%
Taillard Benchmark/ta26.txt,2500,20,2274.0,214.515625,2.2%
Taillard Benchmark/ta27.txt,50,5,2395.0,4.71875,5.4%
Taillard Benchmark/ta27.txt,50,10,2390.0,4.25,5.1%
Taillard Benchmark/ta27.txt,50,20,2397.0,4.0,5.5%
Taillard Benchmark/ta27.txt,100,5,2387.0,9.4375,5.0%
Taillard Benchmark/ta27.txt,100,10,2412.0,8.546875,6.1%
Taillard Benchmark/ta27.txt,100,20,2424.0,8.828125,6.6%
Taillard Benchmark/ta27.txt,250,5,2373.0,22.953125,4.4%
Taillard Benchmark/ta27.txt,250,10,2374.0,22.265625,4.4%
Taillard Benchmark/ta27.txt,250,20,2363.0,21.046875,4.0%
Taillard Benchmark/ta27.txt,500,5,2361.0,46.734375,3.9%
Taillard Benchmark/ta27.txt,500,10,2336.0,44.84375,2.8%
Taillard Benchmark/ta27.txt,500,20,2359.0,43.1875,3.8%
Taillard Benchmark/ta27.txt,1000,5,2381.0,93.25,4.8%
Taillard Benchmark/ta27.txt,1000,10,2349.0,89.546875,3.3%
Taillard Benchmark/ta27.txt,1000,20,2333.0,86.546875,2.6%
Taillard Benchmark/ta27.txt,2500,5,2340.0,231.484375,2.9%
Taillard Benchmark/ta27.txt,2500,10,2314.0,223.359375,1.8%
Taillard Benchmark/ta27.txt,2500,20,2343.0,216.59375,3.1%
Taillard Benchmark/ta28.txt,50,5,2313.0,4.46875,5.1%
Taillard Benchmark/ta28.txt,50,10,2316.0,4.765625,5.3%
Taillard Benchmark/ta28.txt,50,20,2329.0,4.390625,5.9%
Taillard Benchmark/ta28.txt,100,5,2330.0,9.234375,5.9%
Taillard Benchmark/ta28.txt,100,10,2348.0,9.015625,6.7%
Taillard Benchmark/ta28.txt,100,20,2303.0,8.71875,4.7%
Taillard Benchmark/ta28.txt,250,5,2272.0,23.1875,3.3%
Taillard Benchmark/ta28.txt,250,10,2288.0,22.171875,4.0%
Taillard Benchmark/ta28.txt,250,20,2320.0,21.828125,5.5%
Taillard Benchmark/ta28.txt,500,5,2281.0,46.734375,3.7%
Taillard Benchmark/ta28.txt,500,10,2298.0,44.703125,4.5%
Taillard Benchmark/ta28.txt,500,20,2275.0,42.625,3.4%
Taillard Benchmark/ta28.txt,1000,5,2288.0,97.6875,4.0%
Taillard Benchmark/ta28.txt,1000,10,2268.0,86.75,3.1%
Taillard Benchmark/ta28.txt,1000,20,2295.0,84.671875,4.3%
Taillard Benchmark/ta28.txt,2500,5,2297.0,292.53125,4.4%
Taillard Benchmark/ta28.txt,2500,10,2256.0,305.953125,2.5%
Taillard Benchmark/ta28.txt,2500,20,2239.0,295.078125,1.8%
Taillard Benchmark/ta29.txt,50,5,2330.0,5.796875,4.2%
Taillard Benchmark/ta29.txt,50,10,2372.0,5.828125,6.0%
Taillard Benchmark/ta29.txt,50,20,2361.0,5.53125,5.5%
Taillard Benchmark/ta29.txt,100,5,2338.0,12.65625,4.5%
Taillard Benchmark/ta29.txt,100,10,2337.0,11.875,4.5%
Taillard Benchmark/ta29.txt,100,20,2410.0,9.34375,7.7%
Taillard Benchmark/ta29.txt,250,5,2317.0,23.875,3.6%
Taillard Benchmark/ta29.txt,250,10,2319.0,21.59375,3.7%
Taillard Benchmark/ta29.txt,250,20,2341.0,20.765625,4.6%
Taillard Benchmark/ta29.txt,500,5,2266.0,45.796875,1.3%
Taillard Benchmark/ta29.txt,500,10,2316.0,43.4375,3.5%
Taillard Benchmark/ta29.txt,500,20,2278.0,43.3125,1.8%
Taillard Benchmark/ta29.txt,1000,5,2295.0,91.484375,2.6%
Taillard Benchmark/ta29.txt,1000,10,2373.0,87.15625,6.1%
Taillard Benchmark/ta29.txt,1000,20,2312.0,83.625,3.4%
Taillard Benchmark/ta29.txt,2500,5,2312.0,226.28125,3.4%
Taillard Benchmark/ta29.txt,2500,10,2253.0,215.640625,0.7%
Taillard Benchmark/ta29.txt,2500,20,2282.0,209.03125,2.0%
Taillard Benchmark/ta30.txt,50,5,2347.0,4.265625,7.8%
Taillard Benchmark/ta30.txt,50,10,2301.0,4.078125,5.6%
Taillard Benchmark/ta30.txt,50,20,2358.0,3.859375,8.3%
Taillard Benchmark/ta30.txt,100,5,2300.0,9.046875,5.6%
Taillard Benchmark/ta30.txt,100,10,2330.0,8.3125,7.0%
Taillard Benchmark/ta30.txt,100,20,2298.0,8.09375,5.5%
Taillard Benchmark/ta30.txt,250,5,2254.0,22.328125,3.5%
Taillard Benchmark/ta30.txt,250,10,2334.0,21.46875,7.2%
Taillard Benchmark/ta30.txt,250,20,2293.0,20.59375,5.3%
Taillard Benchmark/ta30.txt,500,5,2300.0,45.125,5.6%
Taillard Benchmark/ta30.txt,500,10,2260.0,43.1875,3.8%
Taillard Benchmark/ta30.txt,500,20,2352.0,41.671875,8.0%
Taillard Benchmark/ta30.txt,1000,5,2255.0,90.609375,3.5%
Taillard Benchmark/ta30.txt,1000,10,2251.0,85.953125,3.4%
Taillard Benchmark/ta30.txt,1000,20,2275.0,83.015625,4.5%
Taillard Benchmark/ta30.txt,2500,5,2228.0,226.125,2.3%
Taillard Benchmark/ta30.txt,2500,10,2255.0,215.9375,3.5%
Taillard Benchmark/ta30.txt,2500,20,2251.0,208.8125,3.4%
Taillard Benchmark/ta31.txt,50,5,2763.0,5.171875,1.4%
Taillard Benchmark/ta31.txt,50,10,2740.0,5.390625,0.6%
Taillard Benchmark/ta31.txt,50,20,2741.0,4.859375,0.6%
Taillard Benchmark/ta31.txt,100,5,2752.0,11.03125,1.0%
Taillard Benchmark/ta31.txt,100,10,2756.0,10.265625,1.2%
Taillard Benchmark/ta31.txt,100,20,2752.0,10.046875,1.0%
Taillard Benchmark/ta31.txt,250,5,2752.0,29.515625,1.0%
Taillard Benchmark/ta31.txt,250,10,2767.0,26.3125,1.6%
Taillard Benchmark/ta31.txt,250,20,2729.0,25.34375,0.2%
Taillard Benchmark/ta31.txt,500,5,2752.0,55.65625,1.0%
Taillard Benchmark/ta31.txt,500,10,2752.0,52.84375,1.0%
Taillard Benchmark/ta31.txt,500,20,2752.0,51.25,1.0%
Taillard Benchmark/ta31.txt,1000,5,2752.0,110.296875,1.0%
Taillard Benchmark/ta31.txt,1000,10,2724.0,105.9375,0.0%
Taillard Benchmark/ta31.txt,1000,20,2729.0,102.4375,0.2%
Taillard Benchmark/ta31.txt,2500,5,2759.0,276.734375,1.3%
Taillard Benchmark/ta31.txt,2500,10,2729.0,263.875,0.2%
Taillard Benchmark/ta31.txt,2500,20,2729.0,255.734375,0.2%
Taillard Benchmark/ta32.txt,50,5,2961.0,5.328125,4.5%
Taillard Benchmark/ta32.txt,50,10,2934.0,5.046875,3.5%
Taillard Benchmark/ta32.txt,50,20,2934.0,5.078125,3.5%
Taillard Benchmark/ta32.txt,100,5,2927.0,10.859375,3.3%
Taillard Benchmark/ta32.txt,100,10,2928.0,10.09375,3.3%
Taillard Benchmark/ta32.txt,100,20,2932.0,10.21875,3.5%
Taillard Benchmark/ta32.txt,250,5,2887.0,28.25,1.9%
Taillard Benchmark/ta32.txt,250,10,2885.0,26.9375,1.8%
Taillard Benchmark/ta32.txt,250,20,2894.0,25.5,2.1%
Taillard Benchmark/ta32.txt,500,5,2907.0,54.875,2.6%
Taillard Benchmark/ta32.txt,500,10,2890.0,52.703125,2.0%
Taillard Benchmark/ta32.txt,500,20,2890.0,51.078125,2.0%
Taillard Benchmark/ta32.txt,1000,5,2884.0,110.75,1.8%
Taillard Benchmark/ta32.txt,1000,10,2863.0,104.9375,1.0%
Taillard Benchmark/ta32.txt,1000,20,2890.0,102.4375,2.0%
Taillard Benchmark/ta32.txt,2500,5,2905.0,275.453125,2.5%
Taillard Benchmark/ta32.txt,2500,10,2863.0,263.125,1.0%
Taillard Benchmark/ta32.txt,2500,20,2882.0,255.859375,1.7%
Taillard Benchmark/ta33.txt,50,5,2694.0,5.75,2.8%
Taillard Benchmark/ta33.txt,50,10,2686.0,5.09375,2.5%
Taillard Benchmark/ta33.txt,50,20,2715.0,4.9375,3.6%
Taillard Benchmark/ta33.txt,100,5,2682.0,11.125,2.3%
Taillard Benchmark/ta33.txt,100,10,2678.0,10.578125,2.2%
Taillard Benchmark/ta33.txt,100,20,2685.0,9.90625,2.4%
Taillard Benchmark/ta33.txt,250,5,2664.0,27.671875,1.6%
Taillard Benchmark/ta33.txt,250,10,2646.0,26.5625,1.0%
Taillard Benchmark/ta33.txt,250,20,2666.0,25.25,1.7%
Taillard Benchmark/ta33.txt,500,5,2676.0,55.46875,2.1%
Taillard Benchmark/ta33.txt,500,10,2666.0,52.4375,1.7%
Taillard Benchmark/ta33.txt,500,20,2641.0,50.734375,0.8%
Taillard Benchmark/ta33.txt,1000,5,2679.0,110.1875,2.2%
Taillard Benchmark/ta33.txt,1000,10,2650.0,106.171875,1.1%
Taillard Benchmark/ta33.txt,1000,20,2645.0,102.34375,0.9%
Taillard Benchmark/ta33.txt,2500,5,2655.0,276.296875,1.3%
Taillard Benchmark/ta33.txt,2500,10,2646.0,263.578125,1.0%
Taillard Benchmark/ta33.txt,2500,20,2630.0,255.015625,0.3%
Taillard Benchmark/ta34.txt,50,5,2840.0,5.296875,3.2%
Taillard Benchmark/ta34.txt,50,10,2820.0,5.28125,2.5%
Taillard Benchmark/ta34.txt,50,20,2848.0,4.9375,3.5%
Taillard Benchmark/ta34.txt,100,5,2799.0,10.984375,1.7%
Taillard Benchmark/ta34.txt,100,10,2843.0,10.328125,3.3%
Taillard Benchmark/ta34.txt,100,20,2884.0,10.1875,4.8%
Taillard Benchmark/ta34.txt,250,5,2848.0,27.390625,3.5%
Taillard Benchmark/ta34.txt,250,10,2817.0,26.0,2.4%
Taillard Benchmark/ta34.txt,250,20,2801.0,25.421875,1.8%
Taillard Benchmark/ta34.txt,500,5,2843.0,55.234375,3.3%
Taillard Benchmark/ta34.txt,500,10,2848.0,53.359375,3.5%
Taillard Benchmark/ta34.txt,500,20,2782.0,50.546875,1.1%
Taillard Benchmark/ta34.txt,1000,5,2823.0,110.46875,2.6%
Taillard Benchmark/ta34.txt,1000,10,2770.0,104.984375,0.7%
Taillard Benchmark/ta34.txt,1000,20,2770.0,101.578125,0.7%
Taillard Benchmark/ta34.txt,2500,5,2782.0,275.609375,1.1%
Taillard Benchmark/ta34.txt,2500,10,2782.0,263.734375,1.1%
Taillard Benchmark/ta34.txt,2500,20,2782.0,255.140625,1.1%
Taillard Benchmark/ta35.txt,50,5,2930.0,5.640625,2.3%
Taillard Benchmark/ta35.txt,50,10,2965.0,5.140625,3.6%
Taillard Benchmark/ta35.txt,50,20,2900.0,4.890625,1.3%
Taillard Benchmark/ta35.txt,100,5,2891.0,11.125,1.0%
Taillard Benchmark/ta35.txt,100,10,2919.0,10.84375,2.0%
Taillard Benchmark/ta35.txt,100,20,2908.0,9.828125,1.6%
Taillard Benchmark/ta35.txt,250,5,2891.0,27.625,1.0%
Taillard Benchmark/ta35.txt,250,10,2891.0,26.40625,1.0%
Taillard Benchmark/ta35.txt,250,20,2886.0,25.125,0.8%
Taillard Benchmark/ta35.txt,500,5,2887.0,55.078125,0.8%
Taillard Benchmark/ta35.txt,500,10,2886.0,52.765625,0.8%
Taillard Benchmark/ta35.txt,500,20,2890.0,51.046875,0.9%
Taillard Benchmark/ta35.txt,1000,5,2887.0,111.34375,0.8%
Taillard Benchmark/ta35.txt,1000,10,2890.0,106.09375,0.9%
Taillard Benchmark/ta35.txt,1000,20,2890.0,103.109375,0.9%
Taillard Benchmark/ta35.txt,2500,5,2871.0,276.65625,0.3%
Taillard Benchmark/ta35.txt,2500,10,2887.0,265.4375,0.8%
Taillard Benchmark/ta35.txt,2500,20,2864.0,257.265625,0.0%
Taillard Benchmark/ta36.txt,50,5,2903.0,5.4375,2.6%
Taillard Benchmark/ta36.txt,50,10,2929.0,5.34375,3.5%
Taillard Benchmark/ta36.txt,50,20,2929.0,4.96875,3.5%
Taillard Benchmark/ta36.txt,100,5,2883.0,11.125,1.9%
Taillard Benchmark/ta36.txt,100,10,2865.0,10.59375,1.3%
Taillard Benchmark/ta36.txt,100,20,2886.0,9.9375,2.0%
Taillard Benchmark/ta36.txt,250,5,2874.0,27.734375,1.6%
Taillard Benchmark/ta36.txt,250,10,2874.0,26.4375,1.6%
Taillard Benchmark/ta36.txt,250,20,2874.0,25.21875,1.6%
Taillard Benchmark/ta36.txt,500,5,2854.0,55.21875,0.9%
Taillard Benchmark/ta36.txt,500,10,2857.0,52.40625,1.0%
Taillard Benchmark/ta36.txt,500,20,2835.0,50.53125,0.2%
Taillard Benchmark/ta36.txt,1000,5,2883.0,110.546875,1.9%
Taillard Benchmark/ta36.txt,1000,10,2870.0,105.921875,1.4%
Taillard Benchmark/ta36.txt,1000,20,2832.0,101.296875,0.1%
Taillard Benchmark/ta36.txt,2500,5,2846.0,276.140625,0.6%
Taillard Benchmark/ta36.txt,2500,10,2852.0,263.65625,0.8%
Taillard Benchmark/ta36.txt,2500,20,2835.0,255.515625,0.2%
Taillard Benchmark/ta37.txt,50,5,2840.0,5.390625,4.2%
Taillard Benchmark/ta37.txt,50,10,2835.0,5.0625,4.0%
Taillard Benchmark/ta37.txt,50,20,2810.0,5.25,3.1%
Taillard Benchmark/ta37.txt,100,5,2858.0,10.578125,4.9%
Taillard Benchmark/ta37.txt,100,10,2809.0,10.515625,3.1%
Taillard Benchmark/ta37.txt,100,20,2826.0,10.328125,3.7%
Taillard Benchmark/ta37.txt,250,5,2798.0,27.3125,2.7%
Taillard Benchmark/ta37.txt,250,10,2818.0,26.3125,3.4%
Taillard Benchmark/ta37.txt,250,20,2796.0,25.515625,2.6%
Taillard Benchmark/ta37.txt,500,5,2789.0,55.09375,2.3%
Taillard Benchmark/ta37.txt,500,10,2771.0,54.25,1.7%
Taillard Benchmark/ta37.txt,500,20,2761.0,50.765625,1.3%
Taillard Benchmark/ta37.txt,1000,5,2782.0,111.078125,2.1%
Taillard Benchmark/ta37.txt,1000,10,2758.0,105.15625,1.2%
Taillard Benchmark/ta37.txt,1000,20,2741.0,101.796875,0.6%
Taillard Benchmark/ta37.txt,2500,5,2795.0,275.96875,2.6%
Taillard Benchmark/ta37.txt,2500,10,2746.0,263.625,0.8%
Taillard Benchmark/ta37.txt,2500,20,2746.0,254.3125,0.8%
Taillard Benchmark/ta38.txt,50,5,2769.0,5.25,3.2%
Taillard Benchmark/ta38.txt,50,10,2789.0,5.40625,4.0%
Taillard Benchmark/ta38.txt,50,20,2774.0,4.921875,3.4%
Taillard Benchmark/ta38.txt,100,5,2753.0,11.078125,2.6%
Taillard Benchmark/ta38.txt,100,10,2724.0,10.234375,1.5%
Taillard Benchmark/ta38.txt,100,20,2765.0,10.09375,3.1%
Taillard Benchmark/ta38.txt,250,5,2725.0,27.671875,1.6%
Taillard Benchmark/ta38.txt,250,10,2756.0,26.09375,2.7%
Taillard Benchmark/ta38.txt,250,20,2762.0,25.46875,2.9%
Taillard Benchmark/ta38.txt,500,5,2744.0,55.265625,2.3%
Taillard Benchmark/ta38.txt,500,10,2738.0,52.6875,2.0%
Taillard Benchmark/ta38.txt,500,20,2730.0,50.859375,1.8%
Taillard Benchmark/ta38.txt,1000,5,2742.0,110.984375,2.2%
Taillard Benchmark/ta38.txt,1000,10,2717.0,105.1875,1.3%
Taillard Benchmark/ta38.txt,1000,20,2730.0,101.953125,1.8%
Taillard Benchmark/ta38.txt,2500,5,2719.0,276.125,1.3%
Taillard Benchmark/ta38.txt,2500,10,2707.0,262.15625,0.9%
Taillard Benchmark/ta38.txt,2500,20,2707.0,253.921875,0.9%
Taillard Benchmark/ta39.txt,50,5,2671.0,5.71875,4.7%
Taillard Benchmark/ta39.txt,50,10,2645.0,5.03125,3.6%
Taillard Benchmark/ta39.txt,50,20,2655.0,4.78125,4.0%
Taillard Benchmark/ta39.txt,100,5,2617.0,10.953125,2.5%
Taillard Benchmark/ta39.txt,100,10,2603.0,10.578125,2.0%
Taillard Benchmark/ta39.txt,100,20,2653.0,9.796875,4.0%
Taillard Benchmark/ta39.txt,250,5,2619.0,27.734375,2.6%
Taillard Benchmark/ta39.txt,250,10,2589.0,26.265625,1.4%
Taillard Benchmark/ta39.txt,250,20,2626.0,25.15625,2.9%
Taillard Benchmark/ta39.txt,500,5,2632.0,55.421875,3.1%
Taillard Benchmark/ta39.txt,500,10,2610.0,52.375,2.3%
Taillard Benchmark/ta39.txt,500,20,2615.0,50.78125,2.5%
Taillard Benchmark/ta39.txt,1000,5,2593.0,109.859375,1.6%
Taillard Benchmark/ta39.txt,1000,10,2590.0,104.828125,1.5%
Taillard Benchmark/ta39.txt,1000,20,2587.0,101.296875,1.4%
Taillard Benchmark/ta39.txt,2500,5,2620.0,275.3125,2.7%
Taillard Benchmark/ta39.txt,2500,10,2597.0,264.078125,1.8%
Taillard Benchmark/ta39.txt,2500,20,2577.0,255.3125,1.0%
Taillard Benchmark/ta40.txt,50,5,2803.0,5.265625,0.8%
Taillard Benchmark/ta40.txt,50,10,2825.0,4.984375,1.5%
Taillard Benchmark/ta40.txt,50,20,2870.0,5.109375,3.2%
Taillard Benchmark/ta40.txt,100,5,2806.0,10.609375,0.9%
Taillard Benchmark/ta40.txt,100,10,2801.0,10.546875,0.7%
Taillard Benchmark/ta40.txt,100,20,2784.0,10.109375,0.1%
Taillard Benchmark/ta40.txt,250,5,2832.0,27.078125,1.8%
Taillard Benchmark/ta40.txt,250,10,2818.0,26.671875,1.3%
Taillard Benchmark/ta40.txt,250,20,2843.0,25.8125,2.2%
Taillard Benchmark/ta40.txt,500,5,2792.0,54.625,0.4%
Taillard Benchmark/ta40.txt,500,10,2792.0,52.375,0.4%
Taillard Benchmark/ta40.txt,500,20,2832.0,51.5,1.8%
Taillard Benchmark/ta40.txt,1000,5,2792.0,109.953125,0.4%
Taillard Benchmark/ta40.txt,1000,10,2783.0,105.59375,0.0%
Taillard Benchmark/ta40.txt,1000,20,2783.0,102.34375,0.0%
Taillard Benchmark/ta40.txt,2500,5,2789.0,276.109375,0.3%
Taillard Benchmark/ta40.txt,2500,10,2784.0,264.15625,0.1%
Taillard Benchmark/ta40.txt,2500,20,2789.0,255.703125,0.3%
Taillard Benchmark/ta41.txt,50,5,3326.0,6.34375,10.0%
Taillard Benchmark/ta41.txt,50,10,3279.0,6.046875,8.4%
Taillard Benchmark/ta41.txt,50,20,3368.0,5.625,11.3%
Taillard Benchmark/ta41.txt,100,5,3292.0,12.828125,8.8%
Taillard Benchmark/ta41.txt,100,10,3251.0,12.1875,7.5%
Taillard Benchmark/ta41.txt,100,20,3282.0,11.953125,8.5%
Taillard Benchmark/ta41.txt,250,5,3298.0,32.03125,9.0%
Taillard Benchmark/ta41.txt,250,10,3238.0,30.1875,7.0%
Taillard Benchmark/ta41.txt,250,20,3193.0,29.265625,5.6%
Taillard Benchmark/ta41.txt,500,5,3271.0,64.234375,8.1%
Taillard Benchmark/ta41.txt,500,10,3206.0,60.984375,6.0%
Taillard Benchmark/ta41.txt,500,20,3180.0,59.0625,5.1%
Taillard Benchmark/ta41.txt,1000,5,3221.0,127.859375,6.5%
Taillard Benchmark/ta41.txt,1000,10,3204.0,122.453125,5.9%
Taillard Benchmark/ta41.txt,1000,20,3162.0,118.109375,4.5%
Taillard Benchmark/ta41.txt,2500,5,3263.0,321.46875,7.9%
Taillard Benchmark/ta41.txt,2500,10,3172.0,307.46875,4.9%
Taillard Benchmark/ta41.txt,2500,20,3169.0,296.765625,4.8%
Taillard Benchmark/ta42.txt,50,5,3193.0,6.03125,10.4%
Taillard Benchmark/ta42.txt,50,10,3191.0,6.359375,10.3%
Taillard Benchmark/ta42.txt,50,20,3180.0,5.703125,10.0%
Taillard Benchmark/ta42.txt,100,5,3175.0,12.84375,9.8%
Taillard Benchmark/ta42.txt,100,10,3139.0,12.09375,8.5%
Taillard Benchmark/ta42.txt,100,20,3193.0,11.53125,10.4%
Taillard Benchmark/ta42.txt,250,5,3194.0,32.109375,10.4%
Taillard Benchmark/ta42.txt,250,10,3126.0,30.5,8.1%
Taillard Benchmark/ta42.txt,250,20,3093.0,30.859375,7.0%
Taillard Benchmark/ta42.txt,500,5,3124.0,63.78125,8.0%
Taillard Benchmark/ta42.txt,500,10,3056.0,61.0,5.7%
Taillard Benchmark/ta42.txt,500,20,3103.0,59.921875,7.3%
Taillard Benchmark/ta42.txt,1000,5,3143.0,127.875,8.7%
Taillard Benchmark/ta42.txt,1000,10,3112.0,122.125,7.6%
Taillard Benchmark/ta42.txt,1000,20,3009.0,117.71875,4.0%
Taillard Benchmark/ta42.txt,2500,5,3116.0,320.390625,7.7%
Taillard Benchmark/ta42.txt,2500,10,3041.0,305.6875,5.2%
Taillard Benchmark/ta42.txt,2500,20,3072.0,297.53125,6.2%
Taillard Benchmark/ta43.txt,50,5,3191.0,6.265625,11.4%
Taillard Benchmark/ta43.txt,50,10,3223.0,5.84375,12.5%
Taillard Benchmark/ta43.txt,50,20,3182.0,6.0625,11.1%
Taillard Benchmark/ta43.txt,100,5,3131.0,12.578125,9.3%
Taillard Benchmark/ta43.txt,100,10,3124.0,11.875,9.1%
Taillard Benchmark/ta43.txt,100,20,3202.0,11.84375,11.8%
Taillard Benchmark/ta43.txt,250,5,3147.0,31.703125,9.9%
Taillard Benchmark/ta43.txt,250,10,3145.0,30.4375,9.8%
Taillard Benchmark/ta43.txt,250,20,3141.0,29.546875,9.7%
Taillard Benchmark/ta43.txt,500,5,3119.0,63.765625,8.9%
Taillard Benchmark/ta43.txt,500,10,3099.0,61.015625,8.2%
Taillard Benchmark/ta43.txt,500,20,3038.0,59.3125,6.1%
Taillard Benchmark/ta43.txt,1000,5,3126.0,127.78125,9.1%
Taillard Benchmark/ta43.txt,1000,10,3071.0,122.046875,7.2%
Taillard Benchmark/ta43.txt,1000,20,3055.0,118.671875,6.7%
Taillard Benchmark/ta43.txt,2500,5,3079.0,320.421875,7.5%
Taillard Benchmark/ta43.txt,2500,10,3036.0,305.140625,6.0%
Taillard Benchmark/ta43.txt,2500,20,3038.0,297.609375,6.1%
Taillard Benchmark/ta44.txt,50,5,3345.0,6.5,9.2%
Taillard Benchmark/ta44.txt,50,10,3337.0,5.953125,8.9%
Taillard Benchmark/ta44.txt,50,20,3329.0,5.8125,8.6%
Taillard Benchmark/ta44.txt,100,5,3290.0,12.765625,7.4%
Taillard Benchmark/ta44.txt,100,10,3278.0,12.421875,7.0%
Taillard Benchmark/ta44.txt,100,20,3309.0,11.828125,8.0%
Taillard Benchmark/ta44.txt,250,5,3284.0,31.84375,7.2%
Taillard Benchmark/ta44.txt,250,10,3274.0,30.328125,6.9%
Taillard Benchmark/ta44.txt,250,20,3243.0,29.28125,5.8%
Taillard Benchmark/ta44.txt,500,5,3284.0,64.234375,7.2%
Taillard Benchmark/ta44.txt,500,10,3175.0,60.71875,3.6%
Taillard Benchmark/ta44.txt,500,20,3205.0,58.875,4.6%
Taillard Benchmark/ta44.txt,1000,5,3288.0,128.59375,7.3%
Taillard Benchmark/ta44.txt,1000,10,3191.0,121.875,4.1%
Taillard Benchmark/ta44.txt,1000,20,3189.0,118.890625,4.1%
Taillard Benchmark/ta44.txt,2500,5,3308.0,319.71875,8.0%
Taillard Benchmark/ta44.txt,2500,10,3199.0,306.578125,4.4%
Taillard Benchmark/ta44.txt,2500,20,3178.0,296.578125,3.7%
Taillard Benchmark/ta45.txt,50,5,3295.0,6.109375,10.3%
Taillard Benchmark/ta45.txt,50,10,3283.0,6.1875,9.9%
Taillard Benchmark/ta45.txt,50,20,3350.0,5.703125,12.2%
Taillard Benchmark/ta45.txt,100,5,3376.0,12.8125,13.1%
Taillard Benchmark/ta45.txt,100,10,3271.0,12.203125,9.5%
Taillard Benchmark/ta45.txt,100,20,3240.0,11.578125,8.5%
Taillard Benchmark/ta45.txt,250,5,3235.0,31.875,8.3%
Taillard Benchmark/ta45.txt,250,10,3191.0,30.46875,6.9%
Taillard Benchmark/ta45.txt,250,20,3230.0,29.4375,8.2%
Taillard Benchmark/ta45.txt,500,5,3275.0,63.734375,9.7%
Taillard Benchmark/ta45.txt,500,10,3205.0,60.671875,7.3%
Taillard Benchmark/ta45.txt,500,20,3292.0,59.34375,10.2%
Taillard Benchmark/ta45.txt,1000,5,3270.0,127.84375,9.5%
Taillard Benchmark/ta45.txt,1000,10,3197.0,122.921875,7.1%
Taillard Benchmark/ta45.txt,1000,20,3152.0,117.53125,5.6%
Taillard Benchmark/ta45.txt,2500,5,3230.0,319.953125,8.2%
Taillard Benchmark/ta45.txt,2500,10,3134.0,305.484375,5.0%
Taillard Benchmark/ta45.txt,2500,20,3147.0,296.265625,5.4%
Taillard Benchmark/ta46.txt,50,5,3246.0,6.53125,8.0%
Taillard Benchmark/ta46.txt,50,10,3297.0,5.953125,9.7%
Taillard Benchmark/ta46.txt,50,20,3277.0,5.640625,9.0%
Taillard Benchmark/ta46.txt,100,5,3211.0,12.875,6.8%
Taillard Benchmark/ta46.txt,100,10,3269.0,12.09375,8.7%
Taillard Benchmark/ta46.txt,100,20,3343.0,11.71875,11.2%
Taillard Benchmark/ta46.txt,250,5,3226.0,32.21875,7.3%
Taillard Benchmark/ta46.txt,250,10,3224.0,30.453125,7.3%
Taillard Benchmark/ta46.txt,250,20,3237.0,29.609375,7.7%
Taillard Benchmark/ta46.txt,500,5,3206.0,65.6875,6.7%
Taillard Benchmark/ta46.txt,500,10,3185.0,82.296875,6.0%
Taillard Benchmark/ta46.txt,500,20,3187.0,70.5625,6.0%
Taillard Benchmark/ta46.txt,1000,5,3260.0,164.609375,8.4%
Taillard Benchmark/ta46.txt,1000,10,3224.0,158.375,7.3%
Taillard Benchmark/ta46.txt,1000,20,3155.0,158.234375,5.0%
Taillard Benchmark/ta46.txt,2500,5,3241.0,432.703125,7.8%
Taillard Benchmark/ta46.txt,2500,10,3159.0,434.90625,5.1%
Taillard Benchmark/ta46.txt,2500,20,3115.0,392.875,3.6%
Taillard Benchmark/ta47.txt,50,5,3385.0,8.59375,8.9%
Taillard Benchmark/ta47.txt,50,10,3361.0,7.9375,8.2%
Taillard Benchmark/ta47.txt,50,20,3327.0,7.84375,7.1%
Taillard Benchmark/ta47.txt,100,5,3314.0,16.46875,6.7%
Taillard Benchmark/ta47.txt,100,10,3339.0,15.96875,7.5%
Taillard Benchmark/ta47.txt,100,20,3331.0,16.0625,7.2%
Taillard Benchmark/ta47.txt,250,5,3365.0,42.4375,8.3%
Taillard Benchmark/ta47.txt,250,10,3262.0,39.296875,5.0%
Taillard Benchmark/ta47.txt,250,20,3333.0,38.015625,7.3%
Taillard Benchmark/ta47.txt,500,5,3302.0,84.59375,6.3%
Taillard Benchmark/ta47.txt,500,10,3272.0,79.578125,5.3%
Taillard Benchmark/ta47.txt,500,20,3241.0,77.0,4.3%
Taillard Benchmark/ta47.txt,1000,5,3308.0,168.875,6.5%
Taillard Benchmark/ta47.txt,1000,10,3248.0,163.46875,4.5%
Taillard Benchmark/ta47.txt,1000,20,3267.0,158.640625,5.1%
Taillard Benchmark/ta47.txt,2500,5,3291.0,423.375,5.9%
Taillard Benchmark/ta47.txt,2500,10,3275.0,456.640625,5.4%
Taillard Benchmark/ta47.txt,2500,20,3203.0,442.265625,3.1%
Taillard Benchmark/ta48.txt,50,5,3285.0,9.265625,8.1%
Taillard Benchmark/ta48.txt,50,10,3332.0,8.96875,9.6%
Taillard Benchmark/ta48.txt,50,20,3267.0,8.828125,7.5%
Taillard Benchmark/ta48.txt,100,5,3274.0,18.703125,7.7%
Taillard Benchmark/ta48.txt,100,10,3295.0,18.671875,8.4%
Taillard Benchmark/ta48.txt,100,20,3273.0,17.34375,7.7%
Taillard Benchmark/ta48.txt,250,5,3263.0,42.3125,7.4%
Taillard Benchmark/ta48.txt,250,10,3219.0,37.625,5.9%
Taillard Benchmark/ta48.txt,250,20,3240.0,37.015625,6.6%
Taillard Benchmark/ta48.txt,500,5,3259.0,80.9375,7.2%
Taillard Benchmark/ta48.txt,500,10,3225.0,76.4375,6.1%
Taillard Benchmark/ta48.txt,500,20,3210.0,72.875,5.6%
Taillard Benchmark/ta48.txt,1000,5,3275.0,156.953125,7.8%
Taillard Benchmark/ta48.txt,1000,10,3211.0,151.53125,5.7%
Taillard Benchmark/ta48.txt,1000,20,3203.0,145.625,5.4%
Taillard Benchmark/ta48.txt,2500,5,3237.0,399.375,6.5%
Taillard Benchmark/ta48.txt,2500,10,3196.0,399.390625,5.2%
Taillard Benchmark/ta48.txt,2500,20,3164.0,396.609375,4.1%
Taillard Benchmark/ta49.txt,50,5,3254.0,8.359375,12.1%
Taillard Benchmark/ta49.txt,50,10,3193.0,7.265625,10.0%
Taillard Benchmark/ta49.txt,50,20,3143.0,7.671875,8.3%
Taillard Benchmark/ta49.txt,100,5,3132.0,15.703125,7.9%
Taillard Benchmark/ta49.txt,100,10,3171.0,15.421875,9.3%
Taillard Benchmark/ta49.txt,100,20,3177.0,14.59375,9.5%
Taillard Benchmark/ta49.txt,250,5,3194.0,39.140625,10.1%
Taillard Benchmark/ta49.txt,250,10,3096.0,37.921875,6.7%
Taillard Benchmark/ta49.txt,250,20,3133.0,36.21875,8.0%
Taillard Benchmark/ta49.txt,500,5,3148.0,81.0,8.5%
Taillard Benchmark/ta49.txt,500,10,3075.0,79.9375,6.0%
Taillard Benchmark/ta49.txt,500,20,3082.0,81.796875,6.2%
Taillard Benchmark/ta49.txt,1000,5,3167.0,172.421875,9.1%
Taillard Benchmark/ta49.txt,1000,10,3099.0,169.734375,6.8%
Taillard Benchmark/ta49.txt,1000,20,3103.0,162.171875,6.9%
Taillard Benchmark/ta49.txt,2500,5,3117.0,424.828125,7.4%
Taillard Benchmark/ta49.txt,2500,10,3026.0,393.390625,4.3%
Taillard Benchmark/ta49.txt,2500,20,3071.0,362.96875,5.8%
Taillard Benchmark/ta50.txt,50,5,3326.0,6.78125,7.6%
Taillard Benchmark/ta50.txt,50,10,3348.0,6.9375,8.3%
Taillard Benchmark/ta50.txt,50,20,3343.0,6.25,8.2%
Taillard Benchmark/ta50.txt,100,5,3376.0,14.09375,9.2%
Taillard Benchmark/ta50.txt,100,10,3285.0,13.53125,6.3%
Taillard Benchmark/ta50.txt,100,20,3359.0,13.890625,8.7%
Taillard Benchmark/ta50.txt,250,5,3288.0,37.015625,6.4%
Taillard Benchmark/ta50.txt,250,10,3289.0,35.75,6.4%
Taillard Benchmark/ta50.txt,250,20,3282.0,32.703125,6.2%
Taillard Benchmark/ta50.txt,500,5,3313.0,69.625,7.2%
Taillard Benchmark/ta50.txt,500,10,3255.0,69.9375,5.3%
Taillard Benchmark/ta50.txt,500,20,3315.0,64.984375,7.2%
Taillard Benchmark/ta50.txt,1000,5,3336.0,148.078125,7.9%
Taillard Benchmark/ta50.txt,1000,10,3264.0,158.765625,5.6%
Taillard Benchmark/ta50.txt,1000,20,3234.0,134.25,4.6%
Taillard Benchmark/ta50.txt,2500,5,3307.0,364.28125,7.0%
Taillard Benchmark/ta50.txt,2500,10,3250.0,370.359375,5.1%
Taillard Benchmark/ta50.txt,2500,20,3215.0,337.96875,4.0%
Taillard Benchmark/ta51.txt,50,5,4277.0,10.15625,10.4%
Taillard Benchmark/ta51.txt,50,10,4376.0,9.75,12.9%
Taillard Benchmark/ta51.txt,50,20,4297.0,8.875,10.9%
Taillard Benchmark/ta51.txt,100,5,4256.0,17.609375,9.8%
Taillard Benchmark/ta51.txt,100,10,4229.0,16.796875,9.1%
Taillard Benchmark/ta51.txt,100,20,4269.0,17.9375,10.2%
Taillard Benchmark/ta51.txt,250,5,4218.0,50.859375,8.9%
Taillard Benchmark/ta51.txt,250,10,4164.0,45.34375,7.5%
Taillard Benchmark/ta51.txt,250,20,4138.0,41.96875,6.8%
Taillard Benchmark/ta51.txt,500,5,4199.0,97.265625,8.4%
Taillard Benchmark/ta51.txt,500,10,4129.0,88.265625,6.6%
Taillard Benchmark/ta51.txt,500,20,4181.0,84.578125,7.9%
Taillard Benchmark/ta51.txt,1000,5,4224.0,181.140625,9.0%
Taillard Benchmark/ta51.txt,1000,10,4084.0,177.359375,5.4%
Taillard Benchmark/ta51.txt,1000,20,4099.0,169.859375,5.8%
Taillard Benchmark/ta51.txt,2500,5,4238.0,446.734375,9.4%
Taillard Benchmark/ta51.txt,2500,10,4097.0,424.96875,5.7%
Taillard Benchmark/ta51.txt,2500,20,4041.0,421.625,4.3%
Taillard Benchmark/ta52.txt,50,5,4116.0,8.125,10.8%
Taillard Benchmark/ta52.txt,50,10,4197.0,8.484375,13.0%
Taillard Benchmark/ta52.txt,50,20,4118.0,7.671875,10.8%
Taillard Benchmark/ta52.txt,100,5,4177.0,18.390625,12.4%
Taillard Benchmark/ta52.txt,100,10,4081.0,16.109375,9.9%
Taillard Benchmark/ta52.txt,100,20,4146.0,16.0625,11.6%
Taillard Benchmark/ta52.txt,250,5,4096.0,42.140625,10.3%
Taillard Benchmark/ta52.txt,250,10,4062.0,41.203125,9.3%
Taillard Benchmark/ta52.txt,250,20,4073.0,39.90625,9.6%
Taillard Benchmark/ta52.txt,500,5,4098.0,86.265625,10.3%
Taillard Benchmark/ta52.txt,500,10,4069.0,86.09375,9.5%
Taillard Benchmark/ta52.txt,500,20,4086.0,86.875,10.0%
Taillard Benchmark/ta52.txt,1000,5,4136.0,185.03125,11.3%
Taillard Benchmark/ta52.txt,1000,10,3994.0,174.71875,7.5%
Taillard Benchmark/ta52.txt,1000,20,3937.0,170.90625,6.0%
Taillard Benchmark/ta52.txt,2500,5,4046.0,452.453125,8.9%
Taillard Benchmark/ta52.txt,2500,10,4000.0,437.828125,7.7%
Taillard Benchmark/ta52.txt,2500,20,3950.0,432.015625,6.3%
Taillard Benchmark/ta53.txt,50,5,4091.0,8.859375,11.5%
Taillard Benchmark/ta53.txt,50,10,4061.0,8.0625,10.7%
Taillard Benchmark/ta53.txt,50,20,4120.0,8.046875,12.3%
Taillard Benchmark/ta53.txt,100,5,4138.0,16.875,12.8%
Taillard Benchmark/ta53.txt,100,10,4075.0,16.84375,11.1%
Taillard Benchmark/ta53.txt,100,20,3978.0,15.6875,8.5%
Taillard Benchmark/ta53.txt,250,5,4034.0,42.109375,10.0%
Taillard Benchmark/ta53.txt,250,10,3986.0,40.875,8.7%
Taillard Benchmark/ta53.txt,250,20,3993.0,39.296875,8.9%
Taillard Benchmark/ta53.txt,500,5,4076.0,87.53125,11.1%
Taillard Benchmark/ta53.txt,500,10,4021.0,89.34375,9.6%
Taillard Benchmark/ta53.txt,500,20,4006.0,87.640625,9.2%
Taillard Benchmark/ta53.txt,1000,5,4044.0,180.96875,10.3%
Taillard Benchmark/ta53.txt,1000,10,4036.0,178.203125,10.0%
Taillard Benchmark/ta53.txt,1000,20,3938.0,179.265625,7.4%
Taillard Benchmark/ta53.txt,2500,5,3997.0,540.0625,9.0%
Taillard Benchmark/ta53.txt,2500,10,3963.0,500.984375,8.0%
Taillard Benchmark/ta53.txt,2500,20,3947.0,480.203125,7.6%
Taillard Benchmark/ta54.txt,50,5,4216.0,12.609375,12.4%
Taillard Benchmark/ta54.txt,50,10,4153.0,12.234375,10.7%
Taillard Benchmark/ta54.txt,50,20,4175.0,11.609375,11.3%
Taillard Benchmark/ta54.txt,100,5,4128.0,25.59375,10.0%
Taillard Benchmark/ta54.txt,100,10,4108.0,23.953125,9.5%
Taillard Benchmark/ta54.txt,100,20,4140.0,23.65625,10.3%
Taillard Benchmark/ta54.txt,250,5,4091.0,50.484375,9.0%
Taillard Benchmark/ta54.txt,250,10,4059.0,41.859375,8.2%
Taillard Benchmark/ta54.txt,250,20,4075.0,43.359375,8.6%
Taillard Benchmark/ta54.txt,500,5,4094.0,91.234375,9.1%
Taillard Benchmark/ta54.txt,500,10,4017.0,87.1875,7.1%
Taillard Benchmark/ta54.txt,500,20,4013.0,84.53125,7.0%
Taillard Benchmark/ta54.txt,1000,5,4069.0,181.421875,8.4%
Taillard Benchmark/ta54.txt,1000,10,4005.0,175.21875,6.7%
Taillard Benchmark/ta54.txt,1000,20,4072.0,169.78125,8.5%
Taillard Benchmark/ta54.txt,2500,5,4067.0,467.296875,8.4%
Taillard Benchmark/ta54.txt,2500,10,4020.0,461.953125,7.1%
Taillard Benchmark/ta54.txt,2500,20,3933.0,401.640625,4.8%
Taillard Benchmark/ta55.txt,50,5,4183.0,8.65625,15.1%
Taillard Benchmark/ta55.txt,50,10,4114.0,8.109375,13.2%
Taillard Benchmark/ta55.txt,50,20,4221.0,8.03125,16.1%
Taillard Benchmark/ta55.txt,100,5,4131.0,17.125,13.6%
Taillard Benchmark/ta55.txt,100,10,4058.0,16.296875,11.6%
Taillard Benchmark/ta55.txt,100,20,4070.0,16.03125,12.0%
Taillard Benchmark/ta55.txt,250,5,4050.0,43.171875,11.4%
Taillard Benchmark/ta55.txt,250,10,4022.0,41.109375,10.6%
Taillard Benchmark/ta55.txt,250,20,4075.0,39.8125,12.1%
Taillard Benchmark/ta55.txt,500,5,4080.0,85.359375,12.2%
Taillard Benchmark/ta55.txt,500,10,4000.0,82.71875,10.0%
Taillard Benchmark/ta55.txt,500,20,3959.0,80.09375,8.9%
Taillard Benchmark/ta55.txt,1000,5,4104.0,178.328125,12.9%
Taillard Benchmark/ta55.txt,1000,10,3902.0,164.796875,7.3%
Taillard Benchmark/ta55.txt,1000,20,3903.0,154.921875,7.4%
Taillard Benchmark/ta55.txt,2500,5,4062.0,411.875,11.7%
Taillard Benchmark/ta55.txt,2500,10,3957.0,394.65625,8.9%
Taillard Benchmark/ta55.txt,2500,20,3886.0,392.203125,6.9%
Taillard Benchmark/ta56.txt,50,5,4080.0,8.40625,10.3%
Taillard Benchmark/ta56.txt,50,10,4059.0,7.71875,9.8%
Taillard Benchmark/ta56.txt,50,20,4137.0,7.875,11.9%
Taillard Benchmark/ta56.txt,100,5,4155.0,16.84375,12.4%
Taillard Benchmark/ta56.txt,100,10,4166.0,15.96875,12.7%
Taillard Benchmark/ta56.txt,100,20,4113.0,15.59375,11.2%
Taillard Benchmark/ta56.txt,250,5,4105.0,42.1875,11.0%
Taillard Benchmark/ta56.txt,250,10,4024.0,39.609375,8.8%
Taillard Benchmark/ta56.txt,250,20,4045.0,39.421875,9.4%
Taillard Benchmark/ta56.txt,500,5,4067.0,83.671875,10.0%
Taillard Benchmark/ta56.txt,500,10,4042.0,80.21875,9.3%
Taillard Benchmark/ta56.txt,500,20,4022.0,78.34375,8.8%
Taillard Benchmark/ta56.txt,1000,5,4080.0,168.109375,10.3%
Taillard Benchmark/ta56.txt,1000,10,4009.0,161.28125,8.4%
Taillard Benchmark/ta56.txt,1000,20,3976.0,155.890625,7.5%
Taillard Benchmark/ta56.txt,2500,5,4138.0,420.15625,11.9%
Taillard Benchmark/ta56.txt,2500,10,3942.0,401.953125,6.6%
Taillard Benchmark/ta56.txt,2500,20,3987.0,392.0,7.8%
Taillard Benchmark/ta57.txt,50,5,4139.0,8.46875,11.4%
Taillard Benchmark/ta57.txt,50,10,4135.0,7.71875,11.3%
Taillard Benchmark/ta57.txt,50,20,4169.0,7.890625,12.2%
Taillard Benchmark/ta57.txt,100,5,4168.0,16.609375,12.2%
Taillard Benchmark/ta57.txt,100,10,4148.0,15.890625,11.6%
Taillard Benchmark/ta57.txt,100,20,4077.0,15.546875,9.7%
Taillard Benchmark/ta57.txt,250,5,4082.0,41.46875,9.8%
Taillard Benchmark/ta57.txt,250,10,4072.0,40.15625,9.6%
Taillard Benchmark/ta57.txt,250,20,4094.0,39.546875,10.2%
Taillard Benchmark/ta57.txt,500,5,4061.0,84.3125,9.3%
Taillard Benchmark/ta57.txt,500,10,4026.0,80.109375,8.3%
Taillard Benchmark/ta57.txt,500,20,4046.0,77.8125,8.9%
Taillard Benchmark/ta57.txt,1000,5,4073.0,166.25,9.6%
Taillard Benchmark/ta57.txt,1000,10,4010.0,158.796875,7.9%
Taillard Benchmark/ta57.txt,1000,20,3958.0,155.09375,6.5%
Taillard Benchmark/ta57.txt,2500,5,4153.0,415.484375,11.8%
Taillard Benchmark/ta57.txt,2500,10,3958.0,399.234375,6.5%
Taillard Benchmark/ta57.txt,2500,20,3935.0,386.9375,5.9%
Taillard Benchmark/ta58.txt,50,5,4198.0,8.484375,13.2%
Taillard Benchmark/ta58.txt,50,10,4152.0,7.640625,11.9%
Taillard Benchmark/ta58.txt,50,20,4100.0,7.6875,10.5%
Taillard Benchmark/ta58.txt,100,5,4180.0,16.8125,12.7%
Taillard Benchmark/ta58.txt,100,10,4093.0,15.90625,10.4%
Taillard Benchmark/ta58.txt,100,20,4056.0,15.421875,9.4%
Taillard Benchmark/ta58.txt,250,5,4150.0,41.484375,11.9%
Taillard Benchmark/ta58.txt,250,10,4127.0,40.078125,11.3%
Taillard Benchmark/ta58.txt,250,20,4084.0,46.578125,10.1%
Taillard Benchmark/ta58.txt,500,5,4118.0,87.703125,11.0%
Taillard Benchmark/ta58.txt,500,10,4016.0,77.640625,8.3%
Taillard Benchmark/ta58.txt,500,20,4009.0,75.71875,8.1%
Taillard Benchmark/ta58.txt,1000,5,4135.0,163.40625,11.5%
Taillard Benchmark/ta58.txt,1000,10,4014.0,156.765625,8.2%
Taillard Benchmark/ta58.txt,1000,20,4051.0,156.515625,9.2%
Taillard Benchmark/ta58.txt,2500,5,4142.0,418.4375,11.7%
Taillard Benchmark/ta58.txt,2500,10,4015.0,400.140625,8.3%
Taillard Benchmark/ta58.txt,2500,20,3964.0,389.109375,6.9%
Taillard Benchmark/ta59.txt,50,5,4129.0,8.4375,9.7%
Taillard Benchmark/ta59.txt,50,10,4183.0,7.734375,11.1%
Taillard Benchmark/ta59.txt,50,20,4285.0,7.8125,13.8%
Taillard Benchmark/ta59.txt,100,5,4167.0,16.5,10.7%
Taillard Benchmark/ta59.txt,100,10,4185.0,16.390625,11.2%
Taillard Benchmark/ta59.txt,100,20,4232.0,15.46875,12.4%
Taillard Benchmark/ta59.txt,250,5,4181.0,41.875,11.0%
Taillard Benchmark/ta59.txt,250,10,4137.0,40.078125,9.9%
Taillard Benchmark/ta59.txt,250,20,4122.0,38.984375,9.5%
Taillard Benchmark/ta59.txt,500,5,4095.0,83.078125,8.8%
Taillard Benchmark/ta59.txt,500,10,4057.0,80.078125,7.8%
Taillard Benchmark/ta59.txt,500,20,4066.0,78.265625,8.0%
Taillard Benchmark/ta59.txt,1000,5,4098.0,166.59375,8.8%
Taillard Benchmark/ta59.txt,1000,10,4056.0,160.96875,7.7%
Taillard Benchmark/ta59.txt,1000,20,3965.0,155.40625,5.3%
Taillard Benchmark/ta59.txt,2500,5,4164.0,414.75,10.6%
Taillard Benchmark/ta59.txt,2500,10,3999.0,398.75,6.2%
Taillard Benchmark/ta59.txt,2500,20,4045.0,393.5,7.4%
Taillard Benchmark/ta60.txt,50,5,4243.0,8.578125,12.3%
Taillard Benchmark/ta60.txt,50,10,4217.0,7.859375,11.6%
Taillard Benchmark/ta60.txt,50,20,4222.0,7.703125,11.8%
Taillard Benchmark/ta60.txt,100,5,4181.0,16.828125,10.7%
Taillard Benchmark/ta60.txt,100,10,4074.0,15.96875,7.9%
Taillard Benchmark/ta60.txt,100,20,4174.0,15.296875,10.5%
Taillard Benchmark/ta60.txt,250,5,4151.0,41.828125,9.9%
Taillard Benchmark/ta60.txt,250,10,4136.0,40.265625,9.5%
Taillard Benchmark/ta60.txt,250,20,4116.0,39.3125,9.0%
Taillard Benchmark/ta60.txt,500,5,4183.0,83.71875,10.7%
Taillard Benchmark/ta60.txt,500,10,4054.0,80.484375,7.3%
Taillard Benchmark/ta60.txt,500,20,4098.0,78.421875,8.5%
Taillard Benchmark/ta60.txt,1000,5,4149.0,168.5,9.8%
Taillard Benchmark/ta60.txt,1000,10,4006.0,161.734375,6.1%
Taillard Benchmark/ta60.txt,1000,20,4001.0,172.375,5.9%
Taillard Benchmark/ta60.txt,2500,5,4183.0,527.453125,10.7%
Taillard Benchmark/ta60.txt,2500,10,4002.0,569.5,6.0%
Taillard Benchmark/ta60.txt,2500,20,3982.0,565.1875,5.4%
Taillard Benchmark/ta61.txt,50,5,5527.0,13.796875,0.6%
Taillard Benchmark/ta61.txt,50,10,5565.0,12.875,1.3%
Taillard Benchmark/ta61.txt,50,20,5527.0,12.03125,0.6%
Taillard Benchmark/ta61.txt,100,5,5562.0,21.515625,1.3%
Taillard Benchmark/ta61.txt,100,10,5527.0,24.359375,0.6%
Taillard Benchmark/ta61.txt,100,20,5527.0,23.125,0.6%
Taillard Benchmark/ta61.txt,250,5,5500.0,59.421875,0.1%
Taillard Benchmark/ta61.txt,250,10,5530.0,49.3125,0.7%
Taillard Benchmark/ta61.txt,250,20,5507.0,45.65625,0.3%
Taillard Benchmark/ta61.txt,500,5,5500.0,97.421875,0.1%
Taillard Benchmark/ta61.txt,500,10,5527.0,101.484375,0.6%
Taillard Benchmark/ta61.txt,500,20,5531.0,88.40625,0.7%
Taillard Benchmark/ta61.txt,1000,5,5527.0,200.1875,0.6%
Taillard Benchmark/ta61.txt,1000,10,5495.0,203.40625,0.0%
Taillard Benchmark/ta61.txt,1000,20,5495.0,210.421875,0.0%
Taillard Benchmark/ta61.txt,2500,5,5527.0,551.0625,0.6%
Taillard Benchmark/ta61.txt,2500,10,5519.0,525.21875,0.5%
Taillard Benchmark/ta61.txt,2500,20,5495.0,502.765625,0.0%
Taillard Benchmark/ta62.txt,50,5,5344.0,11.453125,1.4%
Taillard Benchmark/ta62.txt,50,10,5400.0,10.65625,2.5%
Taillard Benchmark/ta62.txt,50,20,5367.0,10.140625,1.9%
Taillard Benchmark/ta62.txt,100,5,5335.0,22.6875,1.3%
Taillard Benchmark/ta62.txt,100,10,5371.0,21.46875,2.0%
Taillard Benchmark/ta62.txt,100,20,5316.0,21.5625,0.9%
Taillard Benchmark/ta62.txt,250,5,5316.0,56.890625,0.9%
Taillard Benchmark/ta62.txt,250,10,5302.0,53.671875,0.6%
Taillard Benchmark/ta62.txt,250,20,5316.0,52.328125,0.9%
Taillard Benchmark/ta62.txt,500,5,5294.0,112.9375,0.5%
Taillard Benchmark/ta62.txt,500,10,5302.0,101.640625,0.6%
Taillard Benchmark/ta62.txt,500,20,5316.0,103.28125,0.9%
Taillard Benchmark/ta62.txt,1000,5,5316.0,220.40625,0.9%
Taillard Benchmark/ta62.txt,1000,10,5290.0,182.484375,0.4%
Taillard Benchmark/ta62.txt,1000,20,5290.0,177.15625,0.4%
Taillard Benchmark/ta62.txt,2500,5,5297.0,474.296875,0.6%
Taillard Benchmark/ta62.txt,2500,10,5316.0,501.53125,0.9%
Taillard Benchmark/ta62.txt,2500,20,5290.0,502.5625,0.4%
Taillard Benchmark/ta63.txt,50,5,5330.0,11.171875,3.0%
Taillard Benchmark/ta63.txt,50,10,5286.0,10.46875,2.1%
Taillard Benchmark/ta63.txt,50,20,5295.0,9.921875,2.3%
Taillard Benchmark/ta63.txt,100,5,5252.0,21.765625,1.5%
Taillard Benchmark/ta63.txt,100,10,5267.0,17.984375,1.8%
Taillard Benchmark/ta63.txt,100,20,5278.0,18.109375,2.0%
Taillard Benchmark/ta63.txt,250,5,5278.0,51.28125,2.0%
Taillard Benchmark/ta63.txt,250,10,5219.0,50.296875,0.9%
Taillard Benchmark/ta63.txt,250,20,5257.0,48.90625,1.6%
Taillard Benchmark/ta63.txt,500,5,5236.0,102.796875,1.2%
Taillard Benchmark/ta63.txt,500,10,5219.0,110.859375,0.9%
Taillard Benchmark/ta63.txt,500,20,5221.0,96.625,0.9%
Taillard Benchmark/ta63.txt,1000,5,5272.0,221.625,1.9%
Taillard Benchmark/ta63.txt,1000,10,5219.0,212.390625,0.9%
Taillard Benchmark/ta63.txt,1000,20,5235.0,204.234375,1.2%
Taillard Benchmark/ta63.txt,2500,5,5228.0,574.390625,1.0%
Taillard Benchmark/ta63.txt,2500,10,5222.0,532.015625,0.9%
Taillard Benchmark/ta63.txt,2500,20,5221.0,505.390625,0.9%
Taillard Benchmark/ta64.txt,50,5,5080.0,9.15625,1.3%
Taillard Benchmark/ta64.txt,50,10,5061.0,9.015625,0.9%
Taillard Benchmark/ta64.txt,50,20,5095.0,8.71875,1.6%
Taillard Benchmark/ta64.txt,100,5,5078.0,18.90625,1.3%
Taillard Benchmark/ta64.txt,100,10,5083.0,17.875,1.4%
Taillard Benchmark/ta64.txt,100,20,5061.0,17.40625,0.9%
Taillard Benchmark/ta64.txt,250,5,5044.0,47.125,0.6%
Taillard Benchmark/ta64.txt,250,10,5109.0,45.125,1.9%
Taillard Benchmark/ta64.txt,250,20,5086.0,44.203125,1.4%
Taillard Benchmark/ta64.txt,500,5,5050.0,95.265625,0.7%
Taillard Benchmark/ta64.txt,500,10,5049.0,90.0,0.7%
Taillard Benchmark/ta64.txt,500,20,5044.0,88.421875,0.6%
Taillard Benchmark/ta64.txt,1000,5,5066.0,206.375,1.0%
Taillard Benchmark/ta64.txt,1000,10,5044.0,183.0625,0.6%
Taillard Benchmark/ta64.txt,1000,20,5044.0,174.6875,0.6%
Taillard Benchmark/ta64.txt,2500,5,5044.0,469.90625,0.6%
Taillard Benchmark/ta64.txt,2500,10,5032.0,453.921875,0.4%
Taillard Benchmark/ta64.txt,2500,20,5044.0,434.859375,0.6%
Taillard Benchmark/ta65.txt,50,5,5336.0,9.25,1.6%
Taillard Benchmark/ta65.txt,50,10,5345.0,7.96875,1.8%
Taillard Benchmark/ta65.txt,50,20,5316.0,7.9375,1.3%
Taillard Benchmark/ta65.txt,100,5,5395.0,16.3125,2.8%
Taillard Benchmark/ta65.txt,100,10,5373.0,16.171875,2.3%
Taillard Benchmark/ta65.txt,100,20,5334.0,16.109375,1.6%
Taillard Benchmark/ta65.txt,250,5,5313.0,42.4375,1.2%
Taillard Benchmark/ta65.txt,250,10,5332.0,41.734375,1.6%
Taillard Benchmark/ta65.txt,250,20,5342.0,40.046875,1.8%
Taillard Benchmark/ta65.txt,500,5,5321.0,82.65625,1.4%
Taillard Benchmark/ta65.txt,500,10,5313.0,79.453125,1.2%
Taillard Benchmark/ta65.txt,500,20,5311.0,76.03125,1.2%
Taillard Benchmark/ta65.txt,1000,5,5314.0,167.65625,1.2%
Taillard Benchmark/ta65.txt,1000,10,5285.0,164.125,0.7%
Taillard Benchmark/ta65.txt,1000,20,5311.0,148.703125,1.2%
Taillard Benchmark/ta65.txt,2500,5,5311.0,427.90625,1.2%
Taillard Benchmark/ta65.txt,2500,10,5265.0,500.125,0.3%
Taillard Benchmark/ta65.txt,2500,20,5267.0,487.21875,0.3%
Taillard Benchmark/ta66.txt,50,5,5174.0,9.453125,0.8%
Taillard Benchmark/ta66.txt,50,10,5216.0,9.390625,1.6%
Taillard Benchmark/ta66.txt,50,20,5190.0,8.515625,1.1%
Taillard Benchmark/ta66.txt,100,5,5212.0,19.109375,1.5%
Taillard Benchmark/ta66.txt,100,10,5178.0,18.453125,0.8%
Taillard Benchmark/ta66.txt,100,20,5185.0,17.921875,1.0%
Taillard Benchmark/ta66.txt,250,5,5202.0,47.765625,1.3%
Taillard Benchmark/ta66.txt,250,10,5161.0,46.375,0.5%
Taillard Benchmark/ta66.txt,250,20,5146.0,45.1875,0.2%
Taillard Benchmark/ta66.txt,500,5,5164.0,95.5625,0.6%
Taillard Benchmark/ta66.txt,500,10,5160.0,91.328125,0.5%
Taillard Benchmark/ta66.txt,500,20,5160.0,88.453125,0.5%
Taillard Benchmark/ta66.txt,1000,5,5192.0,191.328125,1.1%
Taillard Benchmark/ta66.txt,1000,10,5150.0,182.40625,0.3%
Taillard Benchmark/ta66.txt,1000,20,5160.0,176.453125,0.5%
Taillard Benchmark/ta66.txt,2500,5,5161.0,475.140625,0.5%
Taillard Benchmark/ta66.txt,2500,10,5146.0,448.34375,0.2%
Taillard Benchmark/ta66.txt,2500,20,5146.0,437.453125,0.2%
Taillard Benchmark/ta67.txt,50,5,5391.0,9.125,2.8%
Taillard Benchmark/ta67.txt,50,10,5385.0,8.984375,2.6%
Taillard Benchmark/ta67.txt,50,20,5323.0,8.265625,1.5%
Taillard Benchmark/ta67.txt,100,5,5328.0,18.65625,1.6%
Taillard Benchmark/ta67.txt,100,10,5343.0,17.625,1.8%
Taillard Benchmark/ta67.txt,100,20,5357.0,17.140625,2.1%
Taillard Benchmark/ta67.txt,250,5,5326.0,46.875,1.5%
Taillard Benchmark/ta67.txt,250,10,5317.0,45.765625,1.4%
Taillard Benchmark/ta67.txt,250,20,5304.0,43.515625,1.1%
Taillard Benchmark/ta67.txt,500,5,5305.0,93.6875,1.1%
Taillard Benchmark/ta67.txt,500,10,5304.0,90.515625,1.1%
Taillard Benchmark/ta67.txt,500,20,5304.0,88.296875,1.1%
Taillard Benchmark/ta67.txt,1000,5,5355.0,187.546875,2.1%
Taillard Benchmark/ta67.txt,1000,10,5305.0,179.484375,1.1%
Taillard Benchmark/ta67.txt,1000,20,5284.0,178.75,0.7%
Taillard Benchmark/ta67.txt,2500,5,5326.0,465.375,1.5%
Taillard Benchmark/ta67.txt,2500,10,5284.0,441.109375,0.7%
Taillard Benchmark/ta67.txt,2500,20,5273.0,429.015625,0.5%
Taillard Benchmark/ta68.txt,50,5,5279.0,9.15625,3.4%
Taillard Benchmark/ta68.txt,50,10,5233.0,8.515625,2.5%
Taillard Benchmark/ta68.txt,50,20,5204.0,8.390625,1.9%
Taillard Benchmark/ta68.txt,100,5,5222.0,18.265625,2.3%
Taillard Benchmark/ta68.txt,100,10,5177.0,17.34375,1.4%
Taillard Benchmark/ta68.txt,100,20,5201.0,16.953125,1.9%
Taillard Benchmark/ta68.txt,250,5,5166.0,45.984375,1.2%
Taillard Benchmark/ta68.txt,250,10,5146.0,43.984375,0.8%
Taillard Benchmark/ta68.txt,250,20,5197.0,42.3125,1.8%
Taillard Benchmark/ta68.txt,500,5,5160.0,91.578125,1.1%
Taillard Benchmark/ta68.txt,500,10,5169.0,87.328125,1.2%
Taillard Benchmark/ta68.txt,500,20,5146.0,84.3125,0.8%
Taillard Benchmark/ta68.txt,1000,5,5163.0,183.640625,1.1%
Taillard Benchmark/ta68.txt,1000,10,5149.0,175.640625,0.8%
Taillard Benchmark/ta68.txt,1000,20,5130.0,170.609375,0.5%
Taillard Benchmark/ta68.txt,2500,5,5187.0,457.796875,1.6%
Taillard Benchmark/ta68.txt,2500,10,5130.0,438.46875,0.5%
Taillard Benchmark/ta68.txt,2500,20,5137.0,428.625,0.6%
Taillard Benchmark/ta69.txt,50,5,5519.0,9.1875,1.2%
Taillard Benchmark/ta69.txt,50,10,5539.0,8.40625,1.6%
Taillard Benchmark/ta69.txt,50,20,5616.0,8.53125,3.0%
Taillard Benchmark/ta69.txt,100,5,5552.0,18.25,1.8%
Taillard Benchmark/ta69.txt,100,10,5530.0,17.5625,1.4%
Taillard Benchmark/ta69.txt,100,20,5548.0,16.96875,1.7%
Taillard Benchmark/ta69.txt,250,5,5527.0,45.796875,1.3%
Taillard Benchmark/ta69.txt,250,10,5524.0,44.125,1.3%
Taillard Benchmark/ta69.txt,250,20,5536.0,43.0625,1.5%
Taillard Benchmark/ta69.txt,500,5,5508.0,91.96875,1.0%
Taillard Benchmark/ta69.txt,500,10,5506.0,88.375,1.0%
Taillard Benchmark/ta69.txt,500,20,5506.0,85.359375,1.0%
Taillard Benchmark/ta69.txt,1000,5,5513.0,183.484375,1.1%
Taillard Benchmark/ta69.txt,1000,10,5536.0,176.328125,1.5%
Taillard Benchmark/ta69.txt,1000,20,5524.0,171.96875,1.3%
Taillard Benchmark/ta69.txt,2500,5,5541.0,460.84375,1.6%
Taillard Benchmark/ta69.txt,2500,10,5485.0,439.59375,0.6%
Taillard Benchmark/ta69.txt,2500,20,5506.0,444.140625,1.0%
Taillard Benchmark/ta70.txt,50,5,5464.0,8.96875,2.6%
Taillard Benchmark/ta70.txt,50,10,5452.0,8.8125,2.3%
Taillard Benchmark/ta70.txt,50,20,5396.0,8.46875,1.3%
Taillard Benchmark/ta70.txt,100,5,5411.0,19.609375,1.6%
Taillard Benchmark/ta70.txt,100,10,5419.0,19.8125,1.7%
Taillard Benchmark/ta70.txt,100,20,5413.0,17.171875,1.6%
Taillard Benchmark/ta70.txt,250,5,5390.0,47.484375,1.2%
Taillard Benchmark/ta70.txt,250,10,5386.0,45.96875,1.1%
Taillard Benchmark/ta70.txt,250,20,5362.0,43.921875,0.6%
Taillard Benchmark/ta70.txt,500,5,5386.0,104.265625,1.1%
Taillard Benchmark/ta70.txt,500,10,5370.0,96.578125,0.8%
Taillard Benchmark/ta70.txt,500,20,5370.0,90.578125,0.8%
Taillard Benchmark/ta70.txt,1000,5,5386.0,210.921875,1.1%
Taillard Benchmark/ta70.txt,1000,10,5372.0,195.484375,0.8%
Taillard Benchmark/ta70.txt,1000,20,5346.0,188.453125,0.3%
Taillard Benchmark/ta70.txt,2500,5,5451.0,520.140625,2.3%
Taillard Benchmark/ta70.txt,2500,10,5360.0,525.34375,0.6%
Taillard Benchmark/ta70.txt,2500,20,5346.0,496.375,0.3%
Taillard Benchmark/ta71.txt,50,5,6196.0,10.640625,7.4%
Taillard Benchmark/ta71.txt,50,10,6187.0,10.53125,7.2%
Taillard Benchmark/ta71.txt,50,20,6099.0,10.171875,5.7%
Taillard Benchmark/ta71.txt,100,5,6163.0,21.859375,6.8%
Taillard Benchmark/ta71.txt,100,10,6144.0,21.390625,6.5%
Taillard Benchmark/ta71.txt,100,20,6132.0,20.53125,6.3%
Taillard Benchmark/ta71.txt,250,5,6147.0,54.296875,6.5%
Taillard Benchmark/ta71.txt,250,10,6082.0,52.8125,5.4%
Taillard Benchmark/ta71.txt,250,20,6035.0,49.859375,4.6%
Taillard Benchmark/ta71.txt,500,5,6134.0,108.84375,6.3%
Taillard Benchmark/ta71.txt,500,10,6048.0,102.96875,4.8%
Taillard Benchmark/ta71.txt,500,20,6123.0,99.921875,6.1%
Taillard Benchmark/ta71.txt,1000,5,6081.0,216.296875,5.4%
Taillard Benchmark/ta71.txt,1000,10,6082.0,206.734375,5.4%
Taillard Benchmark/ta71.txt,1000,20,6106.0,201.171875,5.8%
Taillard Benchmark/ta71.txt,2500,5,6047.0,538.59375,4.8%
Taillard Benchmark/ta71.txt,2500,10,6010.0,514.109375,4.2%
Taillard Benchmark/ta71.txt,2500,20,6000.0,499.203125,4.0%
Taillard Benchmark/ta72.txt,50,5,5796.0,10.859375,8.4%
Taillard Benchmark/ta72.txt,50,10,5803.0,10.515625,8.5%
Taillard Benchmark/ta72.txt,50,20,5741.0,9.546875,7.3%
Taillard Benchmark/ta72.txt,100,5,5818.0,21.609375,8.8%
Taillard Benchmark/ta72.txt,100,10,5633.0,20.09375,5.3%
Taillard Benchmark/ta72.txt,100,20,5751.0,19.515625,7.5%
Taillard Benchmark/ta72.txt,250,5,5805.0,53.640625,8.5%
Taillard Benchmark/ta72.txt,250,10,5647.0,51.171875,5.6%
Taillard Benchmark/ta72.txt,250,20,5571.0,50.6875,4.2%
Taillard Benchmark/ta72.txt,500,5,5747.0,107.03125,7.4%
Taillard Benchmark/ta72.txt,500,10,5654.0,103.484375,5.7%
Taillard Benchmark/ta72.txt,500,20,5643.0,99.359375,5.5%
Taillard Benchmark/ta72.txt,1000,5,5770.0,214.703125,7.9%
Taillard Benchmark/ta72.txt,1000,10,5575.0,205.53125,4.2%
Taillard Benchmark/ta72.txt,1000,20,5650.0,199.625,5.6%
Taillard Benchmark/ta72.txt,2500,5,5694.0,537.796875,6.4%
Taillard Benchmark/ta72.txt,2500,10,5584.0,514.046875,4.4%
Taillard Benchmark/ta72.txt,2500,20,5525.0,496.96875,3.3%
Taillard Benchmark/ta73.txt,50,5,6060.0,10.46875,6.7%
Taillard Benchmark/ta73.txt,50,10,6024.0,10.21875,6.1%
Taillard Benchmark/ta73.txt,50,20,6044.0,9.84375,6.5%
Taillard Benchmark/ta73.txt,100,5,5961.0,21.8125,5.0%
Taillard Benchmark/ta73.txt,100,10,5889.0,20.328125,3.7%
Taillard Benchmark/ta73.txt,100,20,5996.0,20.203125,5.6%
Taillard Benchmark/ta73.txt,250,5,5864.0,52.953125,3.3%
Taillard Benchmark/ta73.txt,250,10,5903.0,51.203125,4.0%
Taillard Benchmark/ta73.txt,250,20,5923.0,49.4375,4.3%
Taillard Benchmark/ta73.txt,500,5,5932.0,106.9375,4.5%
Taillard Benchmark/ta73.txt,500,10,5818.0,101.984375,2.5%
Taillard Benchmark/ta73.txt,500,20,5891.0,99.71875,3.8%
Taillard Benchmark/ta73.txt,1000,5,5909.0,215.375,4.1%
Taillard Benchmark/ta73.txt,1000,10,5908.0,207.25,4.1%
Taillard Benchmark/ta73.txt,1000,20,5913.0,203.21875,4.2%
Taillard Benchmark/ta73.txt,2500,5,5958.0,537.09375,4.9%
Taillard Benchmark/ta73.txt,2500,10,5843.0,516.75,2.9%
Taillard Benchmark/ta73.txt,2500,20,5789.0,499.4375,2.0%
Taillard Benchmark/ta74.txt,50,5,6261.0,10.78125,8.1%
Taillard Benchmark/ta74.txt,50,10,6211.0,10.359375,7.3%
Taillard Benchmark/ta74.txt,50,20,6295.0,9.6875,8.7%
Taillard Benchmark/ta74.txt,100,5,6305.0,21.5,8.9%
Taillard Benchmark/ta74.txt,100,10,6191.0,20.671875,6.9%
Taillard Benchmark/ta74.txt,100,20,6195.0,19.984375,7.0%
Taillard Benchmark/ta74.txt,250,5,6213.0,54.09375,7.3%
Taillard Benchmark/ta74.txt,250,10,6174.0,52.078125,6.6%
Taillard Benchmark/ta74.txt,250,20,6076.0,49.8125,4.9%
Taillard Benchmark/ta74.txt,500,5,6255.0,107.625,8.0%
Taillard Benchmark/ta74.txt,500,10,6106.0,103.03125,5.4%
Taillard Benchmark/ta74.txt,500,20,6141.0,99.546875,6.0%
Taillard Benchmark/ta74.txt,1000,5,6217.0,213.25,7.4%
Taillard Benchmark/ta74.txt,1000,10,6108.0,206.296875,5.5%
Taillard Benchmark/ta74.txt,1000,20,6069.0,198.671875,4.8%
Taillard Benchmark/ta74.txt,2500,5,6193.0,536.890625,6.9%
Taillard Benchmark/ta74.txt,2500,10,6170.0,514.21875,6.5%
Taillard Benchmark/ta74.txt,2500,20,6041.0,498.359375,4.3%
Taillard Benchmark/ta75.txt,50,5,5935.0,10.546875,8.5%
Taillard Benchmark/ta75.txt,50,10,5950.0,10.390625,8.8%
Taillard Benchmark/ta75.txt,50,20,5954.0,9.796875,8.9%
Taillard Benchmark/ta75.txt,100,5,5996.0,21.0625,9.7%
Taillard Benchmark/ta75.txt,100,10,5861.0,20.375,7.2%
Taillard Benchmark/ta75.txt,100,20,5873.0,20.03125,7.4%
Taillard Benchmark/ta75.txt,250,5,5864.0,53.09375,7.2%
Taillard Benchmark/ta75.txt,250,10,5805.0,51.484375,6.2%
Taillard Benchmark/ta75.txt,250,20,5806.0,49.828125,6.2%
Taillard Benchmark/ta75.txt,500,5,5813.0,107.4375,6.3%
Taillard Benchmark/ta75.txt,500,10,5795.0,102.65625,6.0%
Taillard Benchmark/ta75.txt,500,20,5784.0,99.625,5.8%
Taillard Benchmark/ta75.txt,1000,5,5902.0,215.21875,7.9%
Taillard Benchmark/ta75.txt,1000,10,5761.0,205.96875,5.4%
Taillard Benchmark/ta75.txt,1000,20,5839.0,198.75,6.8%
Taillard Benchmark/ta75.txt,2500,5,5933.0,536.171875,8.5%
Taillard Benchmark/ta75.txt,2500,10,5744.0,515.390625,5.0%
Taillard Benchmark/ta75.txt,2500,20,5736.0,497.75,4.9%
Taillard Benchmark/ta76.txt,50,5,5679.0,10.359375,7.1%
Taillard Benchmark/ta76.txt,50,10,5732.0,10.0,8.1%
Taillard Benchmark/ta76.txt,50,20,5664.0,10.03125,6.8%
Taillard Benchmark/ta76.txt,100,5,5690.0,21.28125,7.3%
Taillard Benchmark/ta76.txt,100,10,5633.0,20.078125,6.2%
Taillard Benchmark/ta76.txt,100,20,5655.0,19.8125,6.6%
Taillard Benchmark/ta76.txt,250,5,5713.0,53.75,7.7%
Taillard Benchmark/ta76.txt,250,10,5604.0,51.8125,5.7%
Taillard Benchmark/ta76.txt,250,20,5580.0,49.828125,5.2%
Taillard Benchmark/ta76.txt,500,5,5608.0,106.765625,5.8%
Taillard Benchmark/ta76.txt,500,10,5563.0,102.4375,4.9%
Taillard Benchmark/ta76.txt,500,20,5562.0,100.796875,4.9%
Taillard Benchmark/ta76.txt,1000,5,5683.0,216.984375,7.2%
Taillard Benchmark/ta76.txt,1000,10,5512.0,206.859375,3.9%
Taillard Benchmark/ta76.txt,1000,20,5475.0,200.640625,3.2%
Taillard Benchmark/ta76.txt,2500,5,5561.0,543.34375,4.9%
Taillard Benchmark/ta76.txt,2500,10,5502.0,517.234375,3.8%
Taillard Benchmark/ta76.txt,2500,20,5440.0,500.828125,2.6%
Taillard Benchmark/ta77.txt,50,5,5872.0,10.859375,4.9%
Taillard Benchmark/ta77.txt,50,10,5922.0,9.96875,5.8%
Taillard Benchmark/ta77.txt,50,20,5840.0,9.9375,4.3%
Taillard Benchmark/ta77.txt,100,5,5913.0,21.21875,5.6%
Taillard Benchmark/ta77.txt,100,10,5837.0,20.625,4.3%
Taillard Benchmark/ta77.txt,100,20,5937.0,20.125,6.0%
Taillard Benchmark/ta77.txt,250,5,5854.0,53.96875,4.6%
Taillard Benchmark/ta77.txt,250,10,5804.0,51.21875,3.7%
Taillard Benchmark/ta77.txt,250,20,5836.0,49.9375,4.2%
Taillard Benchmark/ta77.txt,500,5,5843.0,107.25,4.4%
Taillard Benchmark/ta77.txt,500,10,5807.0,102.78125,3.7%
Taillard Benchmark/ta77.txt,500,20,5811.0,100.59375,3.8%
Taillard Benchmark/ta77.txt,1000,5,5834.0,215.609375,4.2%
Taillard Benchmark/ta77.txt,1000,10,5796.0,204.90625,3.5%
Taillard Benchmark/ta77.txt,1000,20,5765.0,199.234375,3.0%
Taillard Benchmark/ta77.txt,2500,5,5909.0,563.78125,5.5%
Taillard Benchmark/ta77.txt,2500,10,5773.0,519.03125,3.1%
Taillard Benchmark/ta77.txt,2500,20,5741.0,495.3125,2.5%
Taillard Benchmark/ta78.txt,50,5,5960.0,10.640625,6.0%
Taillard Benchmark/ta78.txt,50,10,6001.0,9.8125,6.7%
Taillard Benchmark/ta78.txt,50,20,6039.0,9.984375,7.4%
Taillard Benchmark/ta78.txt,100,5,6019.0,20.765625,7.0%
Taillard Benchmark/ta78.txt,100,10,5955.0,20.515625,5.9%
Taillard Benchmark/ta78.txt,100,20,5951.0,19.53125,5.8%
Taillard Benchmark/ta78.txt,250,5,5926.0,53.3125,5.4%
Taillard Benchmark/ta78.txt,250,10,5907.0,50.5,5.1%
Taillard Benchmark/ta78.txt,250,20,5824.0,49.21875,3.6%
Taillard Benchmark/ta78.txt,500,5,5916.0,107.484375,5.2%
Taillard Benchmark/ta78.txt,500,10,5884.0,102.5625,4.6%
Taillard Benchmark/ta78.txt,500,20,5877.0,99.453125,4.5%
Taillard Benchmark/ta78.txt,1000,5,6022.0,213.828125,7.1%
Taillard Benchmark/ta78.txt,1000,10,5846.0,204.1875,4.0%
Taillard Benchmark/ta78.txt,1000,20,5798.0,198.234375,3.1%
Taillard Benchmark/ta78.txt,2500,5,6001.0,534.828125,6.7%
Taillard Benchmark/ta78.txt,2500,10,5876.0,512.828125,4.5%
Taillard Benchmark/ta78.txt,2500,20,5820.0,493.375,3.5%
Taillard Benchmark/ta79.txt,50,5,6285.0,10.6875,7.0%
Taillard Benchmark/ta79.txt,50,10,6169.0,10.109375,5.0%
Taillard Benchmark/ta79.txt,50,20,6165.0,9.5625,4.9%
Taillard Benchmark/ta79.txt,100,5,6158.0,21.375,4.8%
Taillard Benchmark/ta79.txt,100,10,6096.0,20.34375,3.8%
Taillard Benchmark/ta79.txt,100,20,6163.0,19.359375,4.9%
Taillard Benchmark/ta79.txt,250,5,6139.0,53.453125,4.5%
Taillard Benchmark/ta79.txt,250,10,6102.0,50.78125,3.9%
Taillard Benchmark/ta79.txt,250,20,6110.0,49.453125,4.0%
Taillard Benchmark/ta79.txt,500,5,6189.0,105.59375,5.3%
Taillard Benchmark/ta79.txt,500,10,6060.0,101.21875,3.1%
Taillard Benchmark/ta79.txt,500,20,6049.0,98.34375,3.0%
Taillard Benchmark/ta79.txt,1000,5,6117.0,213.453125,4.1%
Taillard Benchmark/ta79.txt,1000,10,6061.0,205.4375,3.2%
Taillard Benchmark/ta79.txt,1000,20,5989.0,199.578125,1.9%
Taillard Benchmark/ta79.txt,2500,5,6131.0,536.15625,4.4%
Taillard Benchmark/ta79.txt,2500,10,6061.0,514.8125,3.2%
Taillard Benchmark/ta79.txt,2500,20,6035.0,500.34375,2.7%
Taillard Benchmark/ta80.txt,50,5,6153.0,10.6875,5.3%
Taillard Benchmark/ta80.txt,50,10,6165.0,10.0,5.5%
Taillard Benchmark/ta80.txt,50,20,6200.0,10.140625,6.1%
Taillard Benchmark/ta80.txt,100,5,6203.0,22.28125,6.1%
Taillard Benchmark/ta80.txt,100,10,6013.0,20.390625,2.9%
Taillard Benchmark/ta80.txt,100,20,6112.0,20.09375,4.6%
Taillard Benchmark/ta80.txt,250,5,6069.0,53.6875,3.8%
Taillard Benchmark/ta80.txt,250,10,6053.0,51.5,3.6%
Taillard Benchmark/ta80.txt,250,20,6023.0,49.71875,3.0%
Taillard Benchmark/ta80.txt,500,5,6145.0,107.84375,5.1%
Taillard Benchmark/ta80.txt,500,10,6068.0,103.09375,3.8%
Taillard Benchmark/ta80.txt,500,20,6055.0,98.65625,3.6%
Taillard Benchmark/ta80.txt,1000,5,6088.0,215.0625,4.2%
Taillard Benchmark/ta80.txt,1000,10,6081.0,205.234375,4.0%
Taillard Benchmark/ta80.txt,1000,20,6056.0,199.265625,3.6%
Taillard Benchmark/ta80.txt,2500,5,6138.0,532.640625,5.0%
Taillard Benchmark/ta80.txt,2500,10,5967.0,543.65625,2.1%
Taillard Benchmark/ta80.txt,2500,20,6019.0,531.4375,3.0%
Taillard Benchmark/ta81.txt,50,5,6948.0,15.078125,10.5%
Taillard Benchmark/ta81.txt,50,10,6974.0,13.890625,10.9%
Taillard Benchmark/ta81.txt,50,20,7109.0,13.9375,13.1%
Taillard Benchmark/ta81.txt,100,5,7016.0,29.9375,11.6%
Taillard Benchmark/ta81.txt,100,10,6935.0,28.9375,10.3%
Taillard Benchmark/ta81.txt,100,20,6927.0,28.046875,10.2%
Taillard Benchmark/ta81.txt,250,5,7019.0,75.765625,11.7%
Taillard Benchmark/ta81.txt,250,10,6974.0,72.109375,10.9%
Taillard Benchmark/ta81.txt,250,20,6897.0,70.890625,9.7%
Taillard Benchmark/ta81.txt,500,5,6987.0,150.0625,11.2%
Taillard Benchmark/ta81.txt,500,10,6829.0,148.34375,8.6%
Taillard Benchmark/ta81.txt,500,20,6709.0,141.671875,6.7%
Taillard Benchmark/ta81.txt,1000,5,6972.0,303.0625,10.9%
Taillard Benchmark/ta81.txt,1000,10,6796.0,290.203125,8.1%
Taillard Benchmark/ta81.txt,1000,20,6768.0,284.125,7.7%
Taillard Benchmark/ta81.txt,2500,5,6922.0,772.71875,10.1%
Taillard Benchmark/ta81.txt,2500,10,6846.0,911.3125,8.9%
Taillard Benchmark/ta81.txt,2500,20,6694.0,773.84375,6.5%
Taillard Benchmark/ta82.txt,50,5,6986.0,17.390625,11.9%
Taillard Benchmark/ta82.txt,50,10,7073.0,14.71875,13.3%
Taillard Benchmark/ta82.txt,50,20,6930.0,14.1875,11.0%
Taillard Benchmark/ta82.txt,100,5,7108.0,30.375,13.9%
Taillard Benchmark/ta82.txt,100,10,6888.0,30.484375,10.4%
Taillard Benchmark/ta82.txt,100,20,7030.0,29.328125,12.6%
Taillard Benchmark/ta82.txt,250,5,6959.0,77.796875,11.5%
Taillard Benchmark/ta82.txt,250,10,6831.0,88.71875,9.5%
Taillard Benchmark/ta82.txt,250,20,6801.0,91.609375,9.0%
Taillard Benchmark/ta82.txt,500,5,6941.0,172.75,11.2%
Taillard Benchmark/ta82.txt,500,10,6855.0,161.3125,9.8%
Taillard Benchmark/ta82.txt,500,20,6830.0,153.671875,9.4%
Taillard Benchmark/ta82.txt,1000,5,6892.0,311.703125,10.4%
Taillard Benchmark/ta82.txt,1000,10,6776.0,324.015625,8.6%
Taillard Benchmark/ta82.txt,1000,20,6770.0,321.3125,8.5%
Taillard Benchmark/ta82.txt,2500,5,7033.0,816.875,12.7%
Taillard Benchmark/ta82.txt,2500,10,6804.0,728.40625,9.0%
Taillard Benchmark/ta82.txt,2500,20,6689.0,768.34375,7.2%
Taillard Benchmark/ta83.txt,50,5,7028.0,17.765625,11.0%
Taillard Benchmark/ta83.txt,50,10,6998.0,16.5,10.6%
Taillard Benchmark/ta83.txt,50,20,7084.0,16.15625,11.9%
Taillard Benchmark/ta83.txt,100,5,7039.0,36.171875,11.2%
Taillard Benchmark/ta83.txt,100,10,7011.0,32.203125,10.8%
Taillard Benchmark/ta83.txt,100,20,6966.0,28.796875,10.1%
Taillard Benchmark/ta83.txt,250,5,7042.0,81.625,11.3%
Taillard Benchmark/ta83.txt,250,10,6936.0,77.328125,9.6%
Taillard Benchmark/ta83.txt,250,20,6894.0,76.078125,8.9%
Taillard Benchmark/ta83.txt,500,5,7068.0,154.9375,11.7%
Taillard Benchmark/ta83.txt,500,10,6879.0,149.34375,8.7%
Taillard Benchmark/ta83.txt,500,20,6910.0,143.6875,9.2%
Taillard Benchmark/ta83.txt,1000,5,7116.0,348.453125,12.4%
Taillard Benchmark/ta83.txt,1000,10,6864.0,261.984375,8.5%
Taillard Benchmark/ta83.txt,1000,20,6675.0,276.078125,5.5%
Taillard Benchmark/ta83.txt,2500,5,7028.0,663.15625,11.0%
Taillard Benchmark/ta83.txt,2500,10,6851.0,674.609375,8.2%
Taillard Benchmark/ta83.txt,2500,20,6788.0,716.84375,7.3%
Taillard Benchmark/ta84.txt,50,5,7028.0,15.125,11.4%
Taillard Benchmark/ta84.txt,50,10,6961.0,14.4375,10.4%
Taillard Benchmark/ta84.txt,50,20,6921.0,14.046875,9.8%
Taillard Benchmark/ta84.txt,100,5,7104.0,29.953125,12.7%
Taillard Benchmark/ta84.txt,100,10,6977.0,29.3125,10.6%
Taillard Benchmark/ta84.txt,100,20,6838.0,28.640625,8.4%
Taillard Benchmark/ta84.txt,250,5,6971.0,79.46875,10.5%
Taillard Benchmark/ta84.txt,250,10,6869.0,78.953125,8.9%
Taillard Benchmark/ta84.txt,250,20,6902.0,75.4375,9.5%
Taillard Benchmark/ta84.txt,500,5,6944.0,163.625,10.1%
Taillard Benchmark/ta84.txt,500,10,6918.0,152.703125,9.7%
Taillard Benchmark/ta84.txt,500,20,6885.0,142.390625,9.2%
Taillard Benchmark/ta84.txt,1000,5,6923.0,305.4375,9.8%
Taillard Benchmark/ta84.txt,1000,10,6883.0,291.96875,9.2%
Taillard Benchmark/ta84.txt,1000,20,6729.0,286.796875,6.7%
Taillard Benchmark/ta84.txt,2500,5,6981.0,804.390625,10.7%
Taillard Benchmark/ta84.txt,2500,10,6835.0,766.03125,8.4%
Taillard Benchmark/ta84.txt,2500,20,6724.0,735.875,6.6%
Taillard Benchmark/ta85.txt,50,5,7178.0,14.859375,12.6%
Taillard Benchmark/ta85.txt,50,10,7115.0,14.328125,11.6%
Taillard Benchmark/ta85.txt,50,20,7148.0,14.15625,12.1%
Taillard Benchmark/ta85.txt,100,5,7086.0,30.71875,11.1%
Taillard Benchmark/ta85.txt,100,10,7032.0,29.90625,10.3%
Taillard Benchmark/ta85.txt,100,20,7037.0,28.59375,10.3%
Taillard Benchmark/ta85.txt,250,5,7017.0,76.65625,10.0%
Taillard Benchmark/ta85.txt,250,10,7018.0,73.046875,10.1%
Taillard Benchmark/ta85.txt,250,20,7033.0,70.9375,10.3%
Taillard Benchmark/ta85.txt,500,5,7026.0,160.375,10.2%
Taillard Benchmark/ta85.txt,500,10,6993.0,175.9375,9.7%
Taillard Benchmark/ta85.txt,500,20,6886.0,172.328125,8.0%
Taillard Benchmark/ta85.txt,1000,5,7022.0,377.765625,10.1%
Taillard Benchmark/ta85.txt,1000,10,6908.0,361.84375,8.3%
Taillard Benchmark/ta85.txt,1000,20,6793.0,340.703125,6.5%
Taillard Benchmark/ta85.txt,2500,5,7100.0,852.890625,11.3%
Taillard Benchmark/ta85.txt,2500,10,6813.0,792.265625,6.8%
Taillard Benchmark/ta85.txt,2500,20,6794.0,749.96875,6.5%
Taillard Benchmark/ta86.txt,50,5,7223.0,20.25,12.2%
Taillard Benchmark/ta86.txt,50,10,7145.0,18.65625,11.0%
Taillard Benchmark/ta86.txt,50,20,7136.0,18.75,10.9%
Taillard Benchmark/ta86.txt,100,5,7103.0,39.515625,10.3%
Taillard Benchmark/ta86.txt,100,10,7152.0,38.46875,11.1%
Taillard Benchmark/ta86.txt,100,20,7073.0,35.625,9.9%
Taillard Benchmark/ta86.txt,250,5,7130.0,99.5,10.8%
Taillard Benchmark/ta86.txt,250,10,6993.0,88.171875,8.6%
Taillard Benchmark/ta86.txt,250,20,7053.0,84.625,9.6%
Taillard Benchmark/ta86.txt,500,5,7197.0,183.0,11.8%
Taillard Benchmark/ta86.txt,500,10,6992.0,174.234375,8.6%
Taillard Benchmark/ta86.txt,500,20,7012.0,169.265625,8.9%
Taillard Benchmark/ta86.txt,1000,5,7022.0,363.671875,9.1%
Taillard Benchmark/ta86.txt,1000,10,6952.0,347.484375,8.0%
Taillard Benchmark/ta86.txt,1000,20,6900.0,337.21875,7.2%
Taillard Benchmark/ta86.txt,2500,5,7099.0,902.5,10.3%
Taillard Benchmark/ta86.txt,2500,10,6942.0,868.265625,7.8%
Taillard Benchmark/ta86.txt,2500,20,6811.0,843.625,5.8%
Taillard Benchmark/ta87.txt,50,5,7248.0,17.9375,14.2%
Taillard Benchmark/ta87.txt,50,10,7147.0,17.15625,12.6%
Taillard Benchmark/ta87.txt,50,20,7124.0,16.578125,12.3%
Taillard Benchmark/ta87.txt,100,5,7036.0,36.265625,10.9%
Taillard Benchmark/ta87.txt,100,10,7078.0,34.859375,11.5%
Taillard Benchmark/ta87.txt,100,20,7054.0,33.78125,11.2%
Taillard Benchmark/ta87.txt,250,5,7104.0,90.0625,11.9%
Taillard Benchmark/ta87.txt,250,10,7092.0,86.21875,11.8%
Taillard Benchmark/ta87.txt,250,20,7027.0,84.5,10.7%
Taillard Benchmark/ta87.txt,500,5,7146.0,180.4375,12.6%
Taillard Benchmark/ta87.txt,500,10,6945.0,173.375,9.4%
Taillard Benchmark/ta87.txt,500,20,6898.0,168.328125,8.7%
Taillard Benchmark/ta87.txt,1000,5,7042.0,360.15625,11.0%
Taillard Benchmark/ta87.txt,1000,10,6949.0,345.296875,9.5%
Taillard Benchmark/ta87.txt,1000,20,6858.0,338.0625,8.1%
Taillard Benchmark/ta87.txt,2500,5,7119.0,922.859375,12.2%
Taillard Benchmark/ta87.txt,2500,10,6868.0,876.71875,8.2%
Taillard Benchmark/ta87.txt,2500,20,6864.0,854.28125,8.2%
Taillard Benchmark/ta88.txt,50,5,7355.0,17.6875,13.5%
Taillard Benchmark/ta88.txt,50,10,7225.0,16.96875,11.5%
Taillard Benchmark/ta88.txt,50,20,7208.0,16.453125,11.2%
Taillard Benchmark/ta88.txt,100,5,7296.0,38.0,12.6%
Taillard Benchmark/ta88.txt,100,10,7080.0,34.03125,9.2%
Taillard Benchmark/ta88.txt,100,20,7194.0,34.375,11.0%
Taillard Benchmark/ta88.txt,250,5,7280.0,88.765625,12.3%
Taillard Benchmark/ta88.txt,250,10,7144.0,84.71875,10.2%
Taillard Benchmark/ta88.txt,250,20,7138.0,84.34375,10.1%
Taillard Benchmark/ta88.txt,500,5,7187.0,184.859375,10.9%
Taillard Benchmark/ta88.txt,500,10,7080.0,180.765625,9.2%
Taillard Benchmark/ta88.txt,500,20,7067.0,167.703125,9.0%
Taillard Benchmark/ta88.txt,1000,5,7243.0,357.453125,11.8%
Taillard Benchmark/ta88.txt,1000,10,7029.0,344.671875,8.5%
Taillard Benchmark/ta88.txt,1000,20,6960.0,348.796875,7.4%
Taillard Benchmark/ta88.txt,2500,5,7306.0,920.828125,12.7%
Taillard Benchmark/ta88.txt,2500,10,7071.0,877.890625,9.1%
Taillard Benchmark/ta88.txt,2500,20,6882.0,942.78125,6.2%
Taillard Benchmark/ta89.txt,50,5,7177.0,18.6875,12.9%
Taillard Benchmark/ta89.txt,50,10,7068.0,17.0,11.2%
Taillard Benchmark/ta89.txt,50,20,7112.0,16.546875,11.9%
Taillard Benchmark/ta89.txt,100,5,7132.0,35.96875,12.2%
Taillard Benchmark/ta89.txt,100,10,7054.0,34.15625,10.9%
Taillard Benchmark/ta89.txt,100,20,7100.0,33.375,11.7%
Taillard Benchmark/ta89.txt,250,5,7088.0,96.125,11.5%
Taillard Benchmark/ta89.txt,250,10,6903.0,90.71875,8.6%
Taillard Benchmark/ta89.txt,250,20,6975.0,91.609375,9.7%
Taillard Benchmark/ta89.txt,500,5,7003.0,199.625,10.1%
Taillard Benchmark/ta89.txt,500,10,6927.0,189.84375,8.9%
Taillard Benchmark/ta89.txt,500,20,6900.0,179.359375,8.5%
Taillard Benchmark/ta89.txt,1000,5,7112.0,377.25,11.9%
Taillard Benchmark/ta89.txt,1000,10,6884.0,364.71875,8.3%
Taillard Benchmark/ta89.txt,1000,20,6756.0,355.703125,6.3%
Taillard Benchmark/ta89.txt,2500,5,7121.0,874.15625,12.0%
Taillard Benchmark/ta89.txt,2500,10,6872.0,822.71875,8.1%
Taillard Benchmark/ta89.txt,2500,20,6757.0,808.734375,6.3%
Taillard Benchmark/ta90.txt,50,5,7205.0,15.96875,11.4%
Taillard Benchmark/ta90.txt,50,10,7202.0,15.53125,11.4%
Taillard Benchmark/ta90.txt,50,20,7162.0,14.734375,10.8%
Taillard Benchmark/ta90.txt,100,5,7136.0,31.90625,10.4%
Taillard Benchmark/ta90.txt,100,10,7104.0,30.640625,9.9%
Taillard Benchmark/ta90.txt,100,20,6996.0,30.0625,8.2%
Taillard Benchmark/ta90.txt,250,5,7160.0,80.640625,10.8%
Taillard Benchmark/ta90.txt,250,10,6961.0,77.28125,7.7%
Taillard Benchmark/ta90.txt,250,20,7049.0,74.921875,9.0%
Taillard Benchmark/ta90.txt,500,5,7087.0,158.828125,9.6%
Taillard Benchmark/ta90.txt,500,10,7019.0,153.453125,8.6%
Taillard Benchmark/ta90.txt,500,20,6966.0,141.625,7.7%
Taillard Benchmark/ta90.txt,1000,5,7094.0,318.03125,9.7%
Taillard Benchmark/ta90.txt,1000,10,6983.0,313.578125,8.0%
Taillard Benchmark/ta90.txt,1000,20,6850.0,283.546875,6.0%
Taillard Benchmark/ta90.txt,2500,5,7115.0,760.5625,10.1%
Taillard Benchmark/ta90.txt,2500,10,6951.0,726.890625,7.5%
Taillard Benchmark/ta90.txt,2500,20,6876.0,712.609375,6.4%
